uuid,professional_persona,sports_persona,arts_persona,travel_persona,culinary_persona,family_persona,persona,cultural_background,skills_and_expertise,skills_and_expertise_list,hobbies_and_interests,hobbies_and_interests_list,career_goals_and_ambitions,sex,age,marital_status,military_status,family_type,housing_type,education_level,bachelors_field,occupation,district,province,country,age_group,transport
c99345a430374d5cba0b53a0e95c1827,"민오영 씨는 고등학교에 다니는 고등학생으로, 수업과 숙제, 학원 일정으로 하루를 보낸다.",민오영 씨가 가장 좋아하는 운동은 수영이다.,민오영 씨는 쉬는 시간에 K-pop 듣기로 스트레스를 푼다.,가족과 함께 간 제주도 여행이 가장 기억에 남는다.,"좋아하는 음식은 돈가스이고, 친구들과 학교 앞 분식집에 자주 들른다.","부모와 동거 형태로 살며, 가족과 저녁을 함께 먹는 시간을 소중히 여긴다.","민오영 씨는 서울 송파구에 사는 17세 고등학생으로, 평소 걸어서 학교에 다닌다.",서울 송파구에서 자라 학교와 학원을 오가며 또래 문화 속에서 생활하는 10대 학생이다.,코딩 기초와 영어 단어 암기에 자신이 있다.,"['코딩 기초', '영어 단어 암기']","취미는 수영, K-pop 듣기이다.","['수영', 'K-pop 듣기']","장래 희망은 프로그래머이며, 지금은 원하는 학교에 진학하는 것을 목표로 공부하고 있다.",남자,17,미혼,비현역,부모와 동거,다세대주택,고등학교,,학생,서울-송파구,서울,대한민국,10대,도보
003bcc8d8ff24a1cb549991a47efa4dd,"이재민 씨는 중학교에 다니는 중학생으로, 수업과 숙제, 학원 일정으로 하루를 보낸다.",이재민 씨가 가장 좋아하는 운동은 수영이다.,이재민 씨는 쉬는 시간에 영화 보기로 스트레스를 푼다.,가족과 함께 간 부산 여행이 가장 기억에 남는다.,"좋아하는 음식은 마라탕이고, 친구들과 학교 앞 분식집에 자주 들른다.","부모와 동거 형태로 살며, 가족과 저녁을 함께 먹는 시간을 소중히 여긴다.","이재민 씨는 서울 송파구에 사는 15세 중학생으로, 평소 걸어서 학교에 다닌다.",서울 송파구에서 자라 학교와 학원을 오가며 또래 문화 속에서 생활하는 10대 학생이다.,발표와 글쓰기에 자신이 있다.,"['발표', '글쓰기']","취미는 수영, 영화 보기이다.","['수영', '영화 보기']","장래 희망은 경찰관이며, 지금은 원하는 학교에 진학하는 것을 목표로 공부하고 있다.",남자,15,미혼,비현역,부모와 동거,다세대주택,중학교,,학생,서울-송파구,서울,대한민국,10대,도보
acac1fc27ce243cda5dd6ae5c06f5650,"장효범 씨는 고등학교에 다니는 고등학생으로, 수업과 숙제, 학원 일정으로 하루를 보낸다.",장효범 씨가 가장 좋아하는 운동은 자전거 타기이다.,장효범 씨는 쉬는 시간에 그림 그리기로 스트레스를 푼다.,가족과 함께 간 제주도 여행이 가장 기억에 남는다.,"좋아하는 음식은 마라탕이고, 친구들과 학교 앞 분식집에 자주 들른다.","어머니와 동거 형태로 살며, 가족과 저녁을 함께 먹는 시간을 소중히 여긴다.","장효범 씨는 서울 송파구에 사는 17세 고등학생으로, 평소 걸어서 학교에 다닌다.",서울 송파구에서 자라 학교와 학원을 오가며 또래 문화 속에서 생활하는 10대 학생이다.,수학 문제 풀이와 코딩 기초에 자신이 있다.,"['수학 문제 풀이', '코딩 기초']","취미는 자전거 타기, 그림 그리기이다.","['자전거 타기', '그림 그리기']","장래 희망은 선생님이며, 지금은 원하는 학교에 진학하는 것을 목표로 공부하고 있다.",남자,17,미혼,비현역,어머니와 동거,아파트,고등학교,,학생,서울-송파구,서울,대한민국,10대,도보
1c17f4ff124f43a79d663673c0e4a5ac,"명지수 씨는 고등학교에 다니는 고등학생으로, 수업과 숙제, 학원 일정으로 하루를 보낸다.",명지수 씨가 가장 좋아하는 운동은 수영이다.,명지수 씨는 쉬는 시간에 그림 그리기로 스트레스를 푼다.,가족과 함께 간 강릉 여행이 가장 기억에 남는다.,"좋아하는 음식은 라면이고, 친구들과 학교 앞 분식집에 자주 들른다.","부모와 동거 형태로 살며, 가족과 저녁을 함께 먹는 시간을 소중히 여긴다.","명지수 씨는 서울 송파구에 사는 16세 고등학생으로, 평소 버스를 타고 학교에 다닌다.",서울 송파구에서 자라 학교와 학원을 오가며 또래 문화 속에서 생활하는 10대 학생이다.,영어 단어 암기와 발표에 자신이 있다.,"['영어 단어 암기', '발표']","취미는 수영, 그림 그리기이다.","['수영', '그림 그리기']","장래 희망은 과학자이며, 지금은 원하는 학교에 진학하는 것을 목표로 공부하고 있다.",남자,16,미혼,비현역,부모와 동거,주택 이외의 거처,고등학교,,학생,서울-송파구,서울,대한민국,10대,버스
f77184284ad84082a6f0b74a985576e2,"이승우 씨는 초등학교에 다니는 초등학생으로, 수업과 숙제, 학원 일정으로 하루를 보낸다.",이승우 씨가 가장 좋아하는 운동은 축구이다.,이승우 씨는 쉬는 시간에 영화 보기로 스트레스를 푼다.,가족과 함께 간 여수 여행이 가장 기억에 남는다.,"좋아하는 음식은 김치찌개이고, 친구들과 학교 앞 분식집에 자주 들른다.","부모와 동거 형태로 살며, 가족과 저녁을 함께 먹는 시간을 소중히 여긴다.","이승우 씨는 서울 송파구에 사는 12세 초등학생으로, 평소 자전거를 타고 학교에 다닌다.",서울 송파구에서 자라 학교와 학원을 오가며 또래 문화 속에서 생활하는 10대 학생이다.,글쓰기와 악기 연주에 자신이 있다.,"['글쓰기', '악기 연주']","취미는 축구, 영화 보기이다.","['축구', '영화 보기']","장래 희망은 의사이며, 지금은 원하는 학교에 진학하는 것을 목표로 공부하고 있다.",남자,12,미혼,비현역,부모와 동거,아파트,초등학교,,학생,서울-송파구,서울,대한민국,10대,자전거
b4df3b528f934f51be24687d617603b9,"김지애 씨는 고등학교에 다니는 고등학생으로, 수업과 숙제, 학원 일정으로 하루를 보낸다.",김지애 씨가 가장 좋아하는 운동은 배드민턴이다.,김지애 씨는 쉬는 시간에 영화 보기로 스트레스를 푼다.,가족과 함께 간 경주 여행이 가장 기억에 남는다.,"좋아하는 음식은 치킨이고, 친구들과 학교 앞 분식집에 자주 들른다.","부모와 동거 형태로 살며, 가족과 저녁을 함께 먹는 시간을 소중히 여긴다.","김지애 씨는 서울 송파구에 사는 18세 고등학생으로, 평소 지하철을 타고 학교에 다닌다.",서울 송파구에서 자라 학교와 학원을 오가며 또래 문화 속에서 생활하는 10대 학생이다.,글쓰기와 코딩 기초에 자신이 있다.,"['글쓰기', '코딩 기초']","취미는 배드민턴, 영화 보기이다.","['배드민턴', '영화 보기']","장래 희망은 의사이며, 지금은 원하는 학교에 진학하는 것을 목표로 공부하고 있다.",여자,18,미혼,비현역,부모와 동거,아파트,고등학교,,학생,서울-송파구,서울,대한민국,10대,지하철
9bd4a542eaf243269d309f2d03e62197,"박소연 씨는 고등학교에 다니는 고등학생으로, 수업과 숙제, 학원 일정으로 하루를 보낸다.",박소연 씨가 가장 좋아하는 운동은 줄넘기이다.,박소연 씨는 쉬는 시간에 웹툰 보기로 스트레스를 푼다.,가족과 함께 간 경주 여행이 가장 기억에 남는다.,"좋아하는 음식은 김치찌개이고, 친구들과 학교 앞 분식집에 자주 들른다.","부모와 동거 형태로 살며, 가족과 저녁을 함께 먹는 시간을 소중히 여긴다.","박소연 씨는 서울 송파구에 사는 17세 고등학생으로, 평소 걸어서 학교에 다닌다.",서울 송파구에서 자라 학교와 학원을 오가며 또래 문화 속에서 생활하는 10대 학생이다.,글쓰기와 영어 단어 암기에 자신이 있다.,"['글쓰기', '영어 단어 암기']","취미는 줄넘기, 웹툰 보기이다.","['줄넘기', '웹툰 보기']","장래 희망은 프로그래머이며, 지금은 원하는 학교에 진학하는 것을 목표로 공부하고 있다.",여자,17,미혼,비현역,부모와 동거,연립주택,고등학교,,학생,서울-송파구,서울,대한민국,10대,도보
7d778914522549c0928e8193b84133f1,"이예림 씨는 고등학교에 다니는 고등학생으로, 수업과 숙제, 학원 일정으로 하루를 보낸다.",이예림 씨가 가장 좋아하는 운동은 수영이다.,이예림 씨는 쉬는 시간에 피아노 연주로 스트레스를 푼다.,가족과 함께 간 강릉 여행이 가장 기억에 남는다.,"좋아하는 음식은 돈가스이고, 친구들과 학교 앞 분식집에 자주 들른다.","조부모와 동거 형태로 살며, 가족과 저녁을 함께 먹는 시간을 소중히 여긴다.","이예림 씨는 서울 송파구에 사는 17세 고등학생으로, 평소 걸어서 학교에 다닌다.",서울 송파구에서 자라 학교와 학원을 오가며 또래 문화 속에서 생활하는 10대 학생이다.,글쓰기와 코딩 기초에 자신이 있다.,"['글쓰기', '코딩 기초']","취미는 수영, 피아노 연주이다.","['수영', '피아노 연주']","장래 희망은 요리사이며, 지금은 원하는 학교에 진학하는 것을 목표로 공부하고 있다.",여자,17,미혼,비현역,조부모와 동거,아파트,고등학교,,학생,서울-송파구,서울,대한민국,10대,도보
7fea72f3c71946c7912944fda76a9f7e,"장제니 씨는 초등학교에 다니는 초등학생으로, 수업과 숙제, 학원 일정으로 하루를 보낸다.",장제니 씨가 가장 좋아하는 운동은 줄넘기이다.,장제니 씨는 쉬는 시간에 피아노 연주로 스트레스를 푼다.,가족과 함께 간 경주 여행이 가장 기억에 남는다.,"좋아하는 음식은 마라탕이고, 친구들과 학교 앞 분식집에 자주 들른다.","부모와 동거 형태로 살며, 가족과 저녁을 함께 먹는 시간을 소중히 여긴다.","장제니 씨는 서울 송파구에 사는 12세 초등학생으로, 평소 걸어서 학교에 다닌다.",서울 송파구에서 자라 학교와 학원을 오가며 또래 문화 속에서 생활하는 10대 학생이다.,발표와 수학 문제 풀이에 자신이 있다.,"['발표', '수학 문제 풀이']","취미는 줄넘기, 피아노 연주이다.","['줄넘기', '피아노 연주']","장래 희망은 프로그래머이며, 지금은 원하는 학교에 진학하는 것을 목표로 공부하고 있다.",여자,12,미혼,비현역,부모와 동거,아파트,초등학교,,학생,서울-송파구,서울,대한민국,10대,도보
6368501de3c841c7af898582f764ac6f,"이서연 씨는 중학교에 다니는 중학생으로, 수업과 숙제, 학원 일정으로 하루를 보낸다.",이서연 씨가 가장 좋아하는 운동은 줄넘기이다.,이서연 씨는 쉬는 시간에 그림 그리기로 스트레스를 푼다.,가족과 함께 간 경주 여행이 가장 기억에 남는다.,"좋아하는 음식은 돈가스이고, 친구들과 학교 앞 분식집에 자주 들른다.","부모와 동거 형태로 살며, 가족과 저녁을 함께 먹는 시간을 소중히 여긴다.","이서연 씨는 서울 송파구에 사는 15세 중학생으로, 평소 버스를 타고 학교에 다닌다.",서울 송파구에서 자라 학교와 학원을 오가며 또래 문화 속에서 생활하는 10대 학생이다.,악기 연주와 글쓰기에 자신이 있다.,"['악기 연주', '글쓰기']","취미는 줄넘기, 그림 그리기이다.","['줄넘기', '그림 그리기']","장래 희망은 요리사이며, 지금은 원하는 학교에 진학하는 것을 목표로 공부하고 있다.",여자,15,미혼,비현역,부모와 동거,아파트,중학교,,학생,서울-송파구,서울,대한민국,10대,버스
37f5842e0ac84fc0bef9648f46662390,"박승수 씨는 군 부대 내 시설물 유지 보수 작업 때마다 전동 드릴과 도면을 들고 가장 먼저 달려가는 해결사로 통하며, 전역 후에는 산업기사 자격증을 취득해 현장에서 직접 몸으로 부딪히는 숙련된 설비 기술자가 되기를 꿈꿉니다.",박승수 씨는 땀 흘리는 격렬한 운동 대신 석촌호수 산책길을 천천히 걷거나 롯데월드 같은 놀이공원을 누비며 가볍게 몸을 움직이는 활동에서 에너지를 얻습니다.,박승수 씨는 정교한 예술 작품을 감상하는 일 대신 침대에 누워 유튜브 알고리즘이 추천하는 자극적인 숏폼 영상들을 무심하게 넘겨보며 시간을 보내는 디지털 콘텐츠 소비를 즐깁니다.,박승수 씨는 휴가가 나면 친구들과 강릉 안목해변 카페거리에서 바다를 바라보며 멍하게 시간을 보내거나 가평 숲속 펜션에서 숯불에 삼겹살을 구워 먹으며 자연이 주는 해방감을 만끽합니다.,"박승수 씨는 주말이면 가족과 함께 돼지갈비를 구워 먹고, 밤에는 동네 주점에서 친구들과 시끌벅적하게 소맥을 들이켜며 하루의 스트레스를 날려버리는 식습관을 가지고 있습니다.","박승수 씨는 송파구 가락동의 낡은 연립주택에서 어머니와 단둘이 오순도순 살아가며, 겉으로는 무뚝뚝하게 굴어도 어머니가 챙겨주시는 집밥의 따뜻함에 깊이 의지하는 아들입니다.","박승수 씨는 송파구에서 나고 자란 육군 병사로, 기계 설비 전공자의 야무진 손재주와 현장 적응력을 가진 실용주의적 청년입니다.","송파구 가락동의 오래된 연립주택 단지에서 나고 자라 석촌호수 산책로의 계절 변화를 피부로 느끼며 성장했습니다. 전문대학 진학 후 곧바로 입대한 탓에 캠퍼스 낭만은 짧았지만, 지금은 군대라는 특수한 조직 속에서 적당한 거리감을 유지하며 나름의 생존 방식을 익힌 상태입니다.",전문대에서 기계설비를 전공해 도면을 보고 배관 구조를 파악하거나 전동 공구를 다루는 일이 손에 익어 있습니다. 군 부대 내 시설물 유지 보수 작업 때면 가장 먼저 호출될 정도로 손끝이 야무지고 현장 상황에 따른 대처가 빠릅니다.,"['배관 설비 도면 해석', '전동 드릴 및 그라인더 숙련 사용', '군용 차량 기본 정비', '시설물 긴급 보수']","휴가 때면 친구들과 함께 강릉 안목해변 카페거리를 걷거나 가평의 숲속 펜션에서 바비큐를 구워 먹으며 시간을 보냅니다. 일과 후에는 스마트폰으로 유튜브 알고리즘이 추천하는 짧은 영상들을 넘겨보고, 가끔 동네 목욕탕의 뜨거운 온탕에서 군 생활의 피로를 씻어냅니다.","['강릉 안목해변 카페 투어', '유튜브 쇼츠 시청', '동네 목욕탕 온탕 입욕', '가평 숲속 캠핑 및 바비큐', '친구들과의 소주 한잔']",전역 후 산업기사 자격증을 취득해 규모 있는 설비 전문 업체에 들어가 실무 능력을 인정받고자 합니다. 정해진 틀에 갇혀 서류를 만지기보다 현장에서 직접 몸으로 부딪히며 문제를 해결하는 숙련공으로 자리 잡는 것에 가치를 둡니다.,남자,20,미혼,현역,어머니와 동거,연립주택,2~3년제 전문대학,해당없음,육군 병사,서울-송파구,서울,대한민국,20대,자차
ec5a86fbc83649d7b2bf8b1e76a733d1,"김성규 씨는 제조업 현장의 거친 분위기와 사무실의 정교함 사이에서 줄타기를 하며 생산 일정을 조율하는 생산관리 사무원입니다. 현장 작업자들의 불만을 유연하게 달래며 병목 현상을 해결해 실적 리포트를 완성하지만, 정작 본인의 세밀한 일정 관리에는 서툴러 매일 아침 포스트잇을 여러 장 붙이며 하루를 겨우 시작합니다.","김성규 씨는 주말이면 잠실 인근 볼링장에서 친구들과 왁자지껄하게 내기 게임을 즐기며 업무 스트레스를 날려버립니다. 평소에는 가벼운 조깅이나 산책으로 몸을 움직이지만, 정작 규칙적인 운동 계획을 세우면 작심삼일로 끝내버리는 성격이라 그날의 기분에 따라 활동 종목을 바꿉니다.","김성규 씨는 침대에 대자로 누워 네이버 웹툰의 최신 회차를 정주행하거나 유튜브에서 시티팝 플레이리스트를 틀어놓고 멍하게 시간을 보내는 정적인 휴식을 즐깁니다. 언론학을 전공해 세상 돌아가는 이야기에 관심이 많지만, 정작 깊이 있는 독서보다는 짧고 자극적인 영상 콘텐츠에 더 빠르게 반응합니다.",김성규 씨는 친구나 연인과 함께 서울 곳곳의 숨은 명소를 찾아다니는 시티투어를 즐깁니다. 즉흥적인 성격 탓에 목적지 없이 발길 닿는 대로 걷다가 우연히 발견한 성수동의 작은 소품샵이나 예쁜 카페에서 시간을 보내는 것을 좋아합니다.,"김성규 씨는 2주에 한 번 정도 가족이나 친구들과 함께 삼겹살집에서 두툼한 고기를 구워 먹으며 회포를 푸는 시간을 기다립니다. 배달 음식은 한 달에 한 번 정도 치킨을 시켜 먹는 것으로 만족하며, 평소에는 부모님이 차려주신 집밥의 편안함에 기대어 살아갑니다.","김성규 씨는 송파구의 전세 아파트에서 부모님과 함께 거주하며 사회초년생으로서의 경제적 기반을 닦고 있습니다. 부모님과 가끔 사소한 일로 투덜거리기도 하지만, 퇴근 후 집에 돌아왔을 때 느껴지는 가족의 온기와 안정감을 무엇보다 소중하게 생각합니다.","김성규 씨는 송파구에 거주하며 제조업 생산관리직으로 일하는 20대 청년으로, 높은 소득과 효율적인 업무 능력을 갖췄지만 건강 관리와 세밀한 계획성에는 서툰 면이 있는 인물입니다.","송파구 잠실 일대에서 성장하며 서울의 도시적인 리듬과 편리함에 익숙한 환경에서 자랐습니다. 언론학을 전공하며 사회의 다양한 관점을 탐구했지만, 졸업 후 제조업 현장에 뛰어들어 이론적인 분석보다는 눈앞의 결과물이 만들어지는 실재적인 속도감에 적응하며 살아가고 있습니다.","생산 공정의 흐름을 파악해 병목 현상을 줄이는 효율적인 스케줄링을 수행하며, 전공에서 익힌 소통 능력을 바탕으로 현장 작업자들과 사무실 사이의 의견 차이를 매끄럽게 조율합니다. 매일 쏟아지는 생산 데이터를 정리해 실적 리포트를 작성하는 업무에 능숙합니다.","['ERP 시스템 기반의 생산 공정 관리', '현장 작업자 소통 및 갈등 조율', '일일 생산 실적 데이터 분석 및 리포팅', '효율적인 작업 스케줄링 설계']","퇴근 후 석촌호수 주변을 가볍게 뛰며 혈당을 관리하고, 주말에는 친구들과 볼링장에서 내기 게임을 하며 스트레스를 풉니다. 혼자만의 시간이 필요할 때는 침대에 누워 네이버 웹툰의 최신 회차를 몰아보거나 유튜브의 시티팝 플레이리스트를 틀어놓고 멍하게 시간을 보냅니다.","['석촌호수 야간 러닝', '볼링장 내기 게임', '네이버 웹툰 정주행', '시티팝 음악 감상', '유튜브 짧은 다큐멘터리 시청']","단순히 할당된 물량을 맞추는 관리자를 넘어, 낭비 없는 스마트 팩토리 공정을 설계하는 전문가로 성장하려 합니다. 현재의 높은 소득 수준을 유지하면서도 업무 프로세스를 최적화해 심리적 압박감을 줄이고 개인의 삶을 더 확보하는 실속 있는 커리어를 지향합니다.",남자,25,미혼,비현역,부모와 동거,아파트,4년제 대학교,사회과학·언론,생산관리 사무원,서울-송파구,서울,대한민국,20대,지하철
a3d36d6c64a142c599bf04e5855c4cde,"김재영 씨는 송파구 소재 공공기관에서 건물 전기 설비를 관리하며, 매일 아침 낡은 수첩에 적힌 체크리스트를 따라 전력실의 전압 수치를 꼼꼼히 기록합니다. 김재영 씨는 복잡하게 얽힌 회로도 속에서 단락 지점을 빠르게 찾아내는 데 능숙하며, 매뉴얼에 없는 변수 앞에서도 당황하지 않고 원칙대로 대응해 동료들의 신뢰를 받습니다.","김재영 씨는 주말 오후 송파구 근처 공원에서 지인과 가볍게 배드민턴 셔틀콕을 주고받으며 땀을 흘리고, 운동 후에는 동네 목욕탕 사우나에서 뜨거운 물에 몸을 지지며 긴장을 풉니다. 김재영 씨는 격렬한 스포츠보다는 정해진 코스를 천천히 걷는 산책이나 단순한 반복 운동을 통해 마음의 평온을 찾는 시간을 가집니다.",김재영 씨는 침대에 누워 최신 그래픽카드나 스마트폰 성능 비교 영상을 분석하는 유튜브 채널을 구독하며 전자기기의 세밀한 스펙 차이를 파악하는 데 몰두합니다. 김재영 씨는 가끔 스트레스가 쌓일 때면 코인 노래방을 찾아 평소 좋아하는 잔잔한 발라드 곡을 부르며 내면의 감정을 조용히 쏟아냅니다.,김재영 씨는 부모님을 모시고 강원도 인제 자작나무 숲이나 제주도 사려니숲길처럼 사람의 발길이 적은 한적한 숲길을 찾아 천천히 걷는 여행을 즐깁니다. 김재영 씨는 유명 관광지의 북적임보다는 창밖으로 펼쳐지는 초록색 풍경을 멍하니 바라보며 일상의 소음을 지우는 정적인 휴식을 취합니다.,김재영 씨는 퇴근길 단골 고깃집에서 지글지글 익어가는 삼겹살과 소주 한 잔으로 하루의 피로를 씻어내는 루틴을 매주 5일 가까이 반복합니다. 김재영 씨는 주말 저녁이면 배달 앱으로 바삭한 후라이드 치킨을 시켜 먹으며 밀린 영상을 시청하는 소소한 식도락으로 일주일을 마무리합니다.,"김재영 씨는 송파구의 작은 다세대주택에서 홀로 지내지만, 주말이면 부모님과 함께 시간을 보내며 효도하는 다정한 아들의 모습을 보입니다. 김재영 씨는 무뚝뚝한 성격 탓에 살가운 말은 잘 못 하지만, 부모님이 좋아하시는 지역 특산물을 세심하게 챙겨 드리는 행동으로 마음을 표현합니다.","김재영 씨는 송파구에서 근무하는 28세 전기 설비 조작원으로, 원칙 중심의 꼼꼼한 업무 수행과 정적인 일상의 안정을 추구하지만 식습관과 흡연으로 인한 건강 관리가 필요한 청년입니다.","송파구의 조용한 다세대주택에서 홀로 지내며, 화려한 성취보다 매일의 루틴이 주는 안정감을 소중히 여기는 20대 후반의 직장인입니다. 내향적인 성정 탓에 퇴근 후 집에서 조용히 시간을 보내며 에너지를 채우고, 타인에게는 무던하지만 자신에게는 엄격한 기준을 적용하며 살아갑니다.","건물 내 복잡한 전기 회로도를 빠르게 분석해 단락 지점을 찾아내고, 전력 설비의 이상 징후를 사전에 포착해 조치하는 현장 대응력이 뛰어납니다. 매뉴얼을 철저히 준수하며 체크리스트를 통해 사소한 결함 하나 놓치지 않고 관리하는 꼼꼼함을 갖췄습니다.","['전기 회로도 분석 및 단락 지점 탐색', '수변전 설비 유지보수 및 안전 점검', '전기 설비 정기 점검 체크리스트 작성', '공공기관 시설물 관리 매뉴얼 운용']","주말이면 부모님을 모시고 강원도나 제주도의 한적한 숲길을 걸으며 머리를 식히고, 평일 저녁에는 동네 단골 고깃집에서 삼겹살에 소주 한 잔으로 하루의 피로를 풉니다. 가끔은 집 근처 공원에서 가볍게 배드민턴 셔틀콕을 주고받거나, 침대에 누워 유튜브로 최신 전자기기 리뷰 영상을 보는 시간을 즐깁니다.","['강원도 숲길 및 자연 풍경 감상 여행', '동네 단골집 삼겹살 외식', '유튜브 전자기기 리뷰 영상 시청', '석촌호수 주변 가벼운 밤 산책', '지역 배드민턴 클럽 활동']","현재 직무에서 인정받는 숙련공이 되는 것을 목표로 하며, 퇴근 후 틈틈이 공부하여 전기기사 상위 자격증을 취득해 기술적 전문성을 공인받고자 합니다. 갑작스러운 변화보다는 계단을 오르듯 차근차근 전문성을 쌓아 경제적 자립 기반을 단단히 다지는 것에 가치를 둡니다.",남자,28,미혼,비현역,혼자 거주,다세대주택,2~3년제 전문대학,해당없음,건물 전기 및 전자설비 조작원,서울-송파구,서울,대한민국,20대,지하철
2a5bbaa174fa49d38dc9efce8da40426,"최우진 씨는 공사 현장의 헐거운 안전 펜스나 미세한 균열을 귀신같이 찾아내어 작업자들이 한눈에 알아볼 수 있는 그림 위주의 안전 점검표를 직접 만들어 배포합니다. 산업안전지도사 자격증 취득을 목표로 퇴근 후에도 최신 안전 규정을 공부하며, 현장의 효율과 생명을 동시에 지키는 인간 중심의 설계 전문가가 되기 위해 매일 노력합니다.","최우진 씨는 동네 배드민턴 클럽에서 셔틀콕을 강하게 때리며 일주일간 쌓인 스트레스를 풀고, 집 앞 공원에서 줄넘기를 하며 뱃살을 줄이려 애를 씁니다. 운동 후에는 가벼운 잡담을 나누며 동네 사람들과 어울리지만, 경기가 과열되면 승부욕이 발동해 평소의 차분한 모습과는 다른 공격적인 성향을 보이기도 합니다.","최우진 씨는 쉬는 날이면 성수동의 작은 갤러리들을 돌며 과감한 색채의 현대 미술 작품을 감상하고, 집에서는 '체인소 맨' 같은 기괴하면서도 강렬한 만화를 읽으며 현실 너머의 세계를 상상합니다. 직업적으로 정교한 도면을 다루는 동시에, 예술 앞에서는 정해진 답이 없는 무질서함과 파격적인 표현 방식에 깊이 매료됩니다.",최우진 씨는 친구들과 함께 강원도 평창의 울창한 전나무 숲길을 걸으며 아무런 계획 없이 숲의 냄새와 바람 소리에 온전히 집중하는 시간을 가집니다. 복잡한 도시의 소음에서 벗어나 거대한 자연의 풍경 속에 자신을 던져놓고 멍하게 시간을 보내며 마음속의 소란함을 비워냅니다.,"최우진 씨는 일주일에 한 번쯤 동료들과 함께 지글지글 익어가는 삼겹살집에서 외식을 즐기고, 가끔은 분위기 좋은 이자카야에서 시원한 생맥주 한 잔으로 하루의 피로를 씻어냅니다. 배달 음식은 일주일에 딱 한 번, 주로 금요일 밤에 매콤한 떡볶이나 치킨을 시켜 먹으며 혼자만의 소박한 잔치를 벌입니다.","최우진 씨는 송파구의 작은 아파트에서 홀로 지내며 독립적인 삶을 꾸려가지만, 주말이면 부모님 댁을 방문해 집밥을 먹으며 가족들과 소소한 일상을 공유합니다. 혼자 있는 시간의 고요함을 즐기면서도, 가족들과 나누는 따뜻한 대화와 북적이는 분위기에서 정서적인 안정감을 얻습니다.","최우진 씨는 예리한 관찰력으로 현장의 안전을 책임지는 20대 초반의 전문가이자, 성수동의 예술과 평창의 자연을 사랑하는 감성적인 청년입니다.","송파구 가락동의 작은 아파트에서 홀로 지내며, 퇴근 후 석촌호수 산책로를 천천히 걷는 시간으로 하루를 마무리합니다. 전문대학 시절부터 정교한 도면 작업과 현대 미술의 과감한 표현 방식에 동시에 끌려, 쉬는 날이면 성수동의 작은 갤러리들을 찾아다니며 영감을 얻습니다.",산업 현장의 사소한 균열이나 안전 펜스의 느슨한 연결 부위를 빠르게 찾아내는 예리한 관찰력을 갖추고 있습니다. 법적 안전 기준을 현장에 맞게 재구성하여 작업자들이 직관적으로 이해할 수 있는 안전 점검표를 만드는 실무 능력이 뛰어납니다.,"['산업안전보건법 실무 적용', '현장 위험성 평가 및 분석', '안전 점검 체크리스트 설계', '기초 소방 시설 점검']","동네 배드민턴 클럽에서 셔틀콕을 주고받으며 복부 비만을 해결하려 애쓰고, 집에서는 '체인소 맨' 같은 만화를 읽으며 현실 너머의 세계를 상상합니다. 가끔 친구들과 함께 평창의 깊은 숲속으로 떠나 울창한 나무들 사이에서 아무런 계획 없이 풍경을 감상하며 마음을 비웁니다.","['가락동 배드민턴 동호회 활동', '일본 만화 정주행', '평창 숲길 트레킹', '노래방에서 최신 발라드 부르기']","실무 경력을 차근차근 쌓아 산업안전지도사 자격증을 취득하고, 규제 중심이 아닌 인간 중심의 안전 설계 전문가로 인정받고자 합니다. 작업 효율을 떨어뜨리지 않으면서도 사고를 원천 차단하는 창의적인 안전 가이드라인을 구축하는 것이 목표입니다.",남자,21,미혼,비현역,혼자 거주,아파트,2~3년제 전문대학,해당없음,그 외 산업 안전 및 위험 관리원,서울-송파구,서울,대한민국,20대,지하철
6b332fcd3a3041ac9bbf34fc92f1591e,"한시우 씨는 가락시장 인근 골목에서 리어카를 끌며 오가는 행인들의 미세한 표정 변화만으로 지갑을 열 타이밍을 잡아내는 눈치 빠른 판매원입니다. 좁은 리어카 위에 물건을 촘촘하게 쌓아 올리는 자신만의 배치법을 가지고 있으며, 손님과 밀고 당기는 가격 협상 끝에 거래를 성사시킬 때 묘한 쾌감을 느낍니다.",한시우 씨는 주말이면 낡은 운동화를 신고 남한산성 둘레길을 천천히 걸으며 머릿속의 복잡한 계산기 소리를 끄고 숲의 정적 속에 몸을 맡깁니다. 격렬한 운동보다는 혼자만의 보폭으로 흙길을 밟으며 땀을 흘리는 시간을 통해 일주일간 쌓인 피로를 씻어냅니다.,"한시우 씨는 퇴근 후 침대에 엎드려 틱톡의 자극적인 영상이나 유튜브 쇼츠를 끊임없이 넘겨보며 낄낄거리는 시간을 가장 좋아합니다. 가끔은 현실에서 벗어나고 싶어 읽기 쉬운 가벼운 소설책을 집어 들지만, 금세 집중력이 흐트러져 스마트폰 화면으로 손이 돌아가곤 합니다.",한시우 씨는 누구의 간섭도 받지 않고 혼자 버스를 타고 낯선 동네의 한적한 공원이나 강변을 찾아가 멍하니 풍경을 바라보는 여행을 즐깁니다. 화려한 관광지보다는 이름 없는 작은 숲길이나 조용한 골목길을 정처 없이 걷는 것만으로도 충분한 해방감을 느낍니다.,"한시우 씨는 주 2~3회 정도 친구들과 잠실역 인근 맘스터치에서 햄버거를 먹으며 시시한 농담을 나누거나, 가끔은 든든한 고깃집에서 한식을 먹으며 배를 채웁니다. 배달 음식은 비용이 아까워 보름에 한 번 정도만 시켜 먹으며, 주로 가성비 좋은 식당을 찾아다니는 편입니다.","한시우 씨는 송파구 가락동의 좁은 다세대주택에서 부모님과 함께 부대끼며 살아가며, 좁은 집안 분위기 탓에 가끔은 숨이 막히지만 가족만이 주는 익숙한 안도감을 느낍니다. 무뚝뚝한 성격이라 살가운 표현은 못 해도, 쉬는 날이면 부모님과 함께 식탁에 앉아 밥을 먹으며 소소한 일상을 공유합니다.","한시우 씨는 송파구에서 리어카 판매원으로 일하며 실리를 챙기는 법을 배운, 안정적인 내 가게 마련을 꿈꾸는 19세 청년입니다.","송파구 가락동의 좁은 골목길 다세대주택에서 나고 자라며, 화려한 롯데월드몰 뒷면의 치열한 삶의 현장을 일찍이 체득했습니다. 교복을 벗자마자 거리로 나선 이른 사회생활 경험 때문에 또래보다 세상을 냉소적으로 보면서도, 당장 손에 잡히는 실리를 챙기는 법을 먼저 배웠습니다.","지나가는 사람의 걸음걸이와 표정만 보고 구매 의사를 빠르게 파악해 말을 거는 순발력과, 상황에 따라 가격을 조절하며 거래를 성사시키는 협상 능력이 뛰어납니다. 좁은 리어카 공간을 효율적으로 배치해 상품 노출을 극대화하는 나름의 실용적인 진열 노하우를 가지고 있습니다.","['행인 구매 심리 파악', '소규모 상품 재고 관리', '유동 인구 밀집 지역 분석', '상황별 가격 협상 전략']","일 끝나고 침대에 누워 유튜브 쇼츠나 틱톡 영상을 보며 낄낄거리거나, 주말이면 혼자 버스를 타고 남한산성 둘레길을 걸으며 복잡한 머릿속을 비워냅니다. 가끔 친구들과 잠실역 근처 맘스터치에서 햄버거를 먹으며 시시한 농담을 주고받는 시간이 유일한 숨통입니다.","['유튜브 알고리즘 탐색', '남한산성 혼자 걷기', '가성비 버거집 투어', '웹소설 정주행']","지금은 리어카로 시작했지만, 언젠가 송파구 어느 골목에 자신의 이름이 걸린 작은 소매점 하나를 차려 월세 걱정 없이 안정적으로 운영하는 것을 목표로 합니다. 거창한 성공보다는 매일 정해진 수익이 들어오는 예측 가능한 삶을 갈망합니다.",남자,19,미혼,비현역,부모와 동거,다세대주택,고등학교,해당없음,노점 및 이동 판매원,서울-송파구,서울,대한민국,10대,도보
8237b7d02623438fad0a4b08b340eaa0,신지우 씨는 문정동 법조단지 인근의 거래처를 돌며 상대방의 사소한 습관과 취향까지 적어둔 다이어리를 무기로 계약을 따냅니다. 오차 없는 납기일을 맞추기 위해 엑셀 시트를 집요하게 확인하며 송파구 일대에서 자신만의 독자적인 유통망을 구축하겠다는 야심을 품고 있습니다.,신지우 씨는 새벽 공기를 가르며 송파구민체육센터 수영장 레인을 왕복하며 머릿속의 복잡한 업무 리스트를 하나씩 지워냅니다. 주말에는 집에서 프리미어리그 경기를 시청하며 좋아하는 팀의 전술을 분석하는 시간으로 한 주를 마무리합니다.,신지우 씨는 퇴근 후 침대에 누워 유튜브에서 최신 IT 기기 리뷰나 공간 인테리어 영상을 보며 리모델링 아이디어를 수집합니다. 복잡한 예술 작품보다는 직관적이고 실용적인 디자인의 가구나 소품을 찾아보는 것에 더 큰 흥미를 느낍니다.,신지우 씨는 가평의 숲속 깊은 곳에 위치한 펜션을 찾아 친구들과 함께 나무 냄새를 맡으며 소란스러운 도시의 소음을 잠시 잊습니다. 화려한 관광지보다는 이름 없는 산책로나 고요한 숲길을 걸으며 생각의 타래를 정리하는 시간을 갖습니다.,신지우 씨는 주 3회 정도 배달 앱을 통해 신전떡볶이나 김밥천국 같은 분식 메뉴를 시켜 먹으며 끼니를 해결합니다. 외식은 한 달에 한 번 정도 부모님과 함께 정갈한 나물 반찬이 나오는 한정식집을 방문해 조용히 식사하는 편입니다.,신지우 씨는 문정동 상가 주택 1층의 시끌벅적한 상점 소리와 윗집의 고요함이 공존하는 환경에서 부모님의 성실함을 보고 자랐습니다. 부모님이 평생을 바쳐 일군 이 집을 더 가치 있게 만들고 싶다는 책임감이 그의 삶을 지탱하는 가장 큰 동력입니다.,"신지우 씨는 성실한 유통 영업직으로 근무하며 부모님의 가업을 현대적으로 계승하려는 목표를 가진, 현실적이면서도 계획적인 송파구 청년입니다.","송파구 문정동의 상가 주택에서 나고 자라며 1층 가게의 소란함과 윗집의 정적을 동시에 경험했습니다. 실용성을 중시해 전문대학에 진학한 후 빠르게 사회에 뛰어들었으며, 부모님의 성실한 삶의 방식을 보고 배우며 묵묵히 자신의 자리를 잡은 청년입니다.",거래처 담당자들의 세세한 특징과 선호도를 기록한 메모장을 활용해 상대가 가장 편안하게 느끼는 시점에 협상을 제안하여 계약을 성사시킵니다. 복잡한 유통 경로 속에서도 물량 오차 없이 납기일을 정확히 맞추는 철저한 일정 관리 능력을 보여줍니다.,"['거래처 밀착 관리', '유통 단가 협상', '재고 수량 정밀 추적', '고객 성향 분석', '효율적 배송 경로 설계']",평일 새벽에는 송파구민체육센터 수영장에서 레인을 돌며 하루의 계획을 정리하고 잡념을 비워냅니다. 주말이면 친구들과 가평의 조용한 숲속 펜션을 찾아 나무 냄새를 맡으며 밀린 이야기를 나누고 휴식합니다.,"['새벽 수영', '올림픽공원 산책', '가평 숲캉스', '유튜브 운동 영상 시청', '헬스장 웨이트 트레이닝']",현재 취급하는 품목을 넘어 독자적인 유통 라인을 구축해 송파 지역에서 신뢰받는 상품 중개 전문가로 자리 잡고자 합니다. 차근차근 자산을 모아 부모님이 일구신 상가 건물을 현대적으로 리모델링해 직접 운영하는 목표를 가지고 있습니다.,남자,25,미혼,비현역,부모와 동거,비주거용 건물 내 주택,2~3년제 전문대학,해당없음,그 외 일반 영업원,서울-송파구,서울,대한민국,20대,버스
f471910ee63741d2802000fb798a7637,박정한 씨는 오토캐드로 도면의 아주 작은 오차까지 잡아내려 애쓰다 결국 마감 기한을 넘겨 밤을 지새우는 버릇이 있습니다. 박정한 씨는 한국토지주택공사와 같은 공기업에 입사해 매달 정해진 날짜에 월급을 받는 규칙적인 삶을 꿈꿉니다.,박정한 씨는 겨울이 되면 친구들과 비발디파크나 용평리조트로 떠나 하얀 눈 위를 질주하며 일상의 답답함을 털어냅니다. 박정한 씨는 주말이면 송파구 동네 당구장에 들러 지인들과 큐대를 잡고 가벼운 내기 게임에 몰두합니다.,박정한 씨는 유튜브 알고리즘이 추천하는 IT 리뷰 영상이나 건축 관련 다큐멘터리를 보며 조용히 시간을 보냅니다. 박정한 씨는 가평의 조용한 숲길을 걸으며 나뭇잎 사이로 비치는 햇살과 풍경을 감상하는 것에서 심리적 위안을 얻습니다.,박정한 씨는 연인이나 친구와 함께 양평의 한적한 수목원을 찾아 천천히 걸으며 자연이 주는 고요함 속에 머뭅니다. 박정한 씨는 강원도 홍천의 깊은 산속 펜션에 머물며 밤하늘의 별을 바라보는 여행을 즐깁니다.,박정한 씨는 일주일에 한 번 어머니와 함께 동네 갈비집에서 양념 돼지갈비를 구워 먹으며 단란한 시간을 보냅니다. 박정한 씨는 금요일 밤이면 비비큐 치킨을 배달시켜 좋아하는 영상을 보며 일주일의 스트레스를 해소합니다.,"박정한 씨는 송파구의 오래된 연립주택에서 어머니가 정성껏 차려주신 된장찌개와 갓 지은 밥을 먹으며 정서적인 안정을 찾습니다. 박정한 씨는 어머니의 잔소리에 가끔은 짜증을 내기도 하지만, 결국은 어머니의 품 안에서 가장 큰 편안함을 느끼는 아들입니다.","박정한 씨는 송파구에서 나고 자란 공학 전공자로, 꼼꼼한 분석력과 안정 지향적인 성향을 가졌으나 취업 준비의 압박 속에서 무기력함과 책임감 사이를 오가는 청년입니다.","송파구의 오래된 연립주택 단지에서 나고 자라 석촌호수 산책로의 계절 변화를 훤히 꿰고 있으며, 어머니가 챙겨주시는 집밥의 안락함 속에서 정서적 안정을 찾는 청년입니다. 유튜브 알고리즘이 추천하는 검증된 정보 위주로 세상을 접하며, 주변 사람들과의 마찰을 피하려 조심스럽게 행동하는 태도가 몸에 배어 있습니다.","전공 과정에서 익힌 설계 프로그램을 활용해 도면을 꼼꼼하게 그려내는 능력이 있으며, 복잡한 기계 구조의 논리적 오류를 찾아내는 분석력이 좋습니다. 다만, 지나치게 세부적인 것에 집착하다 보니 전체적인 작업 속도가 더디고 마감 직전에야 급하게 마무리하는 습관이 있습니다.","['오토캐드 도면 설계', '건축 구조 분석', '전공 관련 기술 문서 해독', '기초 공학 수치 계산']","겨울이면 친구들과 함께 평창이나 홍천의 스키장으로 떠나 눈 덮인 슬로프를 내려오는 시간을 가장 기다리며, 주말에는 동네 당구장에서 지인들과 가볍게 내기 게임을 즐깁니다. 마음이 복잡할 때는 이어폰을 끼고 가평이나 양평의 한적한 숲길을 걸으며 풍경을 보는 것으로 스트레스를 해소합니다.","['평창 스노보드 투어', '동네 당구장 내기 게임', '가평 숲길 산책', '유튜브 브이로그 시청']","큰 성취나 명예보다는 매달 정해진 날짜에 월급이 들어오는 안정적인 공기업이나 중견 건설사 사무직으로 입사해 평범한 일상을 유지하고 싶어 합니다. 취업 준비 과정에서 느끼는 압박감에 쉽게 마음이 지쳐, 가끔은 세워둔 공부 계획을 전부 무시한 채 하루 종일 침대에 누워 시간을 보내기도 합니다.",남자,24,미혼,비현역,어머니와 동거,연립주택,4년제 대학교,공학·제조·건설,무직,서울-송파구,서울,대한민국,20대,버스
1782ee3e2f074d87bdbbede9de622868,"박한 씨는 산업 자재 도면의 복잡한 수치를 단숨에 파악해 거래처에 딱 맞는 규격을 제안하며 실리를 챙기는 영업원입니다. 겉으로는 상냥한 말투를 유지하지만, 단가 협상 테이블에서는 철저하게 자신의 계산대로 밀어붙이는 냉철한 면모를 보입니다.",박한 씨는 평일 밤이면 컴퓨터 앞에 앉아 리그 오브 레전드 랭크 게임의 치열한 순위 경쟁에 몰입하며 일터에서 억눌렀던 승부욕을 가감 없이 쏟아냅니다. 격렬한 운동 대신 친구들과 함께 노래방에서 소리를 지르며 스트레스를 발산하는 방식으로 몸과 마음을 풉니다.,박한 씨는 한남동 리움미술관의 정막한 공간 속에서 현대 미술 작품들을 천천히 훑으며 복잡한 머릿속을 비워내는 시간을 갖습니다. 영화관의 어둠 속에서 타인의 삶에 몰입하는 과정을 통해 영업 현장에서 소모된 감정의 균형을 다시 잡습니다.,박한 씨는 여행을 떠날 때 빡빡한 일정표를 짜는 대신 강원도 양양의 조용한 펜션에서 친구들과 함께 아무것도 하지 않고 뒹굴거리는 휴식을 선택합니다. 낯선 곳에서의 탐험보다 익숙한 사람들과 함께 맛있는 음식을 먹으며 낮잠을 자는 느긋한 시간을 통해 에너지를 충전합니다.,박한 씨는 2주에 한 번쯤 동료들과 함께 두툼한 삼겹살에 소주 한 잔을 곁들이며 현장의 고충을 나눕니다. 배달 음식은 일주일에 한 번 정도 정갈한 초밥 세트를 시켜 먹으며 스스로에게 주는 작은 보상으로 삼습니다.,박한 씨는 송파구 오금동의 오래된 단독주택에서 동생들의 끼니와 공부 환경을 챙기며 든든한 버팀목 역할을 수행합니다. 무뚝뚝하게 굴다가도 동생들이 좋아하는 간식을 슬쩍 식탁에 올려두는 츤데레 같은 형이자 오빠의 모습을 보여줍니다.,"박한 씨는 송파구에서 동생들을 부양하는 책임감 강한 가장이자, 공학적 정밀함과 영업적 유연함을 동시에 갖춘 27세의 실속 있는 전문 중개인입니다.","송파구 오금동의 조용한 단독주택에서 동생들을 챙기며 집안의 실질적인 가장 역할을 하고 있습니다. 공학 전공자 특유의 체계적인 사고와 영업 현장에서 다져진 유연함이 공존하며, 타인의 시선보다 본인이 설정한 삶의 원칙을 지키는 것을 중요하게 여깁니다.",산업 자재 도면을 빠르게 해석해 거래처가 필요로 하는 정확한 규격의 상품을 제안하며 계약을 끌어냅니다. 상대를 배려하는 말투를 쓰면서도 핵심 조건에 대해서는 물러서지 않는 단호한 협상력을 발휘합니다.,"['기계 및 제조 공정 도면 해석', '기업 간 거래(B2B) 영업 협상', '산업 자재 시장 단가 분석', '고객사 요구사항 기술 매칭']","주말에는 한남동 리움미술관의 정적인 분위기 속에서 전시를 관람하며 마음을 정리하고, 평일 밤에는 리그 오브 레전드 랭크 게임에 몰두하며 승부욕을 해소합니다. 업무 중 쌓인 예민함과 스트레스는 동네 단골 사우나의 뜨거운 온탕에 몸을 담그며 털어냅니다.","['리움미술관 전시 관람', '리그 오브 레전드 랭크 게임', '동네 목욕탕 온탕 입욕', '유튜브 알고리즘 기반의 다큐멘터리 시청', '친구들과의 코인 노래방 방문']",단순한 판매원을 넘어 특정 산업군에서 대체 불가능한 유통 경로를 설계하는 중개 전문가가 되고자 합니다. 안정적인 소득을 통해 동생들이 걱정 없이 공부할 수 있는 환경을 완벽하게 구축하는 것에 강한 책임감을 느낍니다.,남자,27,미혼,비현역,형제자매와 동거 (가구주),단독주택,4년제 대학교,공학·제조·건설,그 외 일반 영업원,서울-송파구,서울,대한민국,20대,복합수단
87c064bceb3c47b8866aa1dd6cdf32dd,장혜인 씨는 교육학 전공자로서 임용 고시라는 무거운 짐과 기업 교육 담당자라는 현실적인 선택지 사이에서 매일 밤 고민하며 다이어리에 작은 성취를 적어 내려갑니다. 타인의 입장을 조율하는 데 능숙하지만 정작 자신의 진로 앞에서는 결단력이 부족해 실행 가능한 계획표만 정교하게 짜는 습관이 있습니다.,"장혜인 씨는 해 질 녘 석촌호수 산책로를 따라 천천히 걸으며 복잡한 머릿속을 비워내는 시간을 가장 좋아합니다. 격한 운동보다는 가벼운 걸음걸이로 주변 풍경을 눈에 담는 것을 즐기며, 컨디션이 좋은 날에만 아주 조금 속도를 높여 걷습니다.","장혜인 씨는 주말이면 넷플릭스의 잔잔한 일상 드라마를 몰아보며 대리 만족을 느끼고, 가끔은 가로수길의 작은 갤러리를 찾아 이름 모를 작가의 그림 앞에서 한참을 서 있습니다. 화려한 전시보다는 여백이 많은 작품을 보며 자신의 엉킨 마음을 정리하는 시간을 갖습니다.",장혜인 씨는 친구나 연인과 함께 제주도의 조용한 펜션에 머물며 아무것도 하지 않고 누워 있는 휴양 여행을 즐깁니다. 빽빽한 일정표 대신 발길 닿는 대로 걷다가 마음에 드는 카페에 들어가 멍하니 창밖을 바라보며 시간을 보냅니다.,"장혜인 씨는 집 앞 분식집에서 매콤한 떡볶이와 속이 꽉 찬 김밥을 주문해 친구들과 수다를 떠는 소소한 외식을 즐깁니다. 고기류보다는 나물 비빔밥 같은 깔끔한 한식을 선호하며, 일주일에 한 번 정도는 배달 앱으로 간단한 간식을 시켜 먹습니다.","장혜인 씨는 부모님의 기대 섞인 걱정을 묵묵히 견뎌내며 집안의 평화를 위해 자신의 불만을 억누르는 착한 딸의 역할을 수행합니다. 거실에서 부모님과 함께 TV를 보며 웃고 있지만, 정작 자기 방으로 들어오는 순간 모든 전자기기의 알림을 끄고 완전한 고립을 선택합니다.","장혜인 씨는 송파구에 거주하며 교육학 전공 후 취업을 준비 중인 20대 후반의 여성으로, 타인에 대한 깊은 배려심과 내면의 불안감을 동시에 안고 살아가는 인물입니다.","송파구 석촌호수 인근 아파트에서 부모님과 함께 지내며, 교육학 전공자로서 주변의 기대치와 실제 취업 시장의 냉혹함 사이에서 오는 괴리를 매일 경험하고 있습니다. 타인의 감정을 세심하게 살피느라 정작 자신의 욕구는 뒤로 미루는 습관이 있어, 가끔은 방 안에서 모든 연락을 끊고 혼자만의 시간을 가져야만 겨우 숨을 돌립니다.","상대방의 눈높이에 맞춰 복잡한 정보를 쉽게 풀어서 설명하는 능력이 탁월하며, 갈등 상황에서 양측의 입장을 조율해 원만한 합의점을 찾아내는 중재 능력이 좋습니다. 학부 시절 익힌 교육 설계 능력을 활용해 실생활에 바로 적용 가능한 효율적인 계획표를 짜거나 자료를 구조화하는 일에 능숙합니다.","['학습자 수준별 맞춤형 설명 방식', '비폭력 대화를 활용한 갈등 중재', '실용적인 일상 스케줄 설계', '교육용 시각 자료 구조화']","해 질 녘 석촌호수 산책길을 천천히 걷거나, 집 앞 분식집에서 떡볶이와 김밥을 먹으며 친구들과 소소한 일상을 공유하는 시간을 소중히 여깁니다. 주말에는 넷플릭스로 잔잔한 일상 드라마를 몰아보며 멍하게 시간을 보내고, 가끔은 시내의 작은 갤러리를 방문해 조용히 작품을 감상하며 복잡한 마음을 정리합니다.","['석촌호수 둘레길 산책', '일상 테마의 독립 영화 및 드라마 시청', '동네 분식집 투어', '소규모 현대 미술 전시 관람', '침대 위에서 하는 완전한 무위 휴식']","사회적 명성보다는 매달 정해진 날짜에 월급이 들어오는 안정적인 환경에서 자신의 배려심을 발휘할 수 있는 직무를 찾고 있습니다. 임용 고시와 일반 기업 교육 담당자 사이에서 현실적인 타협점을 찾으며, 거창한 꿈보다는 내일의 불안을 잠재울 수 있는 작은 성취를 매일 기록하는 것에 집중합니다.",여자,28,미혼,비현역,부모와 동거,아파트,4년제 대학교,교육,무직,서울-송파구,서울,대한민국,20대,자차
eb6edfbf4e404985a1b2c68535033e14,"김민채 씨는 송파구의 작은 갤러리들을 돌며 도록의 핵심을 꼼꼼히 갈무리한 개인 아카이브를 구축하며, 언젠가 자신의 안목이 닿은 물건들로 채운 독립 큐레이션 숍을 열어 예측 가능한 성취감을 맛보길 꿈꿉니다.","김민채 씨는 격렬한 운동보다는 해 질 녘 석촌호수 주변을 정처 없이 걷거나, 집에서 조용히 TV를 시청하며 에너지를 보충하는 정적인 휴식 시간을 보냅니다.","김민채 씨는 대학 시절 전공한 미술사를 살려 동네의 이름 없는 작은 전시들을 찾아다니며, 전시 도록의 구석구석을 분석해 자신만의 언어로 기록하는 아카이빙 작업에 몰두합니다.","김민채 씨는 친한 친구와 함께 떠나는 여행에서 식당의 동선과 메뉴 조합을 분 단위로 짠 세밀한 계획표를 공유하며, 지역의 숨은 맛집을 찾아다니는 미식 탐방에 가장 큰 즐거움을 느낍니다.","김민채 씨는 유튜브 미식 리뷰를 샅샅이 뒤져 찜해둔 한남동의 오마카세나 성수동의 퓨전 요리집을 주 5회 이상 방문하며, 때로는 지나치게 세밀한 계획 때문에 함께 간 친구가 지칠 정도로 완벽한 식사 코스를 고집합니다.","김민채 씨는 송파구 오피스텔에서 홀로 지내며 자신만의 고요한 영역을 구축하고, 가끔 찾아오는 지인들에게 자신이 정교하게 고른 식당의 메뉴를 추천하며 조용히 관계의 온기를 나눕니다.",김민채 씨는 세밀한 계획성과 인문학적 취향을 바탕으로 송파구에서 정적인 일상을 가꾸며 미식과 예술을 탐닉하는 20대 후반의 무직자입니다.,"송파구 석촌호수 인근의 오피스텔에서 홀로 지내며, 대학 시절 전공한 미술사와 인문학적 소양을 바탕으로 동네의 작은 갤러리들을 정기적으로 방문해 기록하는 정적인 삶을 유지하고 있습니다.","방대한 양의 전시 도록이나 예술 서적의 핵심 내용을 체계적으로 요약해 개인 아카이브로 구축하며, 방문할 식당의 동선과 메뉴 조합을 분 단위로 세밀하게 계획하는 능력이 뛰어납니다.","['예술 전시 아카이빙', '상세 일정 최적화 계획', '인문학 텍스트 분석 및 요약', '미식 큐레이션 리스트 작성']","평소 유튜브의 미식 리뷰 영상을 보며 가고 싶은 곳을 정리하고, 주말이면 친한 친구와 함께 성수동이나 한남동의 예약제 식당을 찾아다니며 새로운 맛의 조합을 탐색합니다.","['석촌호수 주변 산책', '유튜브 미식 채널 시청', '예약제 파인 다이닝 투어', '독립 출판물 수집']","취업 준비 과정에서 느끼는 막연한 불안감을 다스리며, 향후 자신의 세심한 취향을 반영한 독립 큐레이션 숍을 운영해 예측 가능한 일상 속에서 작은 성취감을 얻고자 합니다.",여자,28,미혼,비현역,혼자 거주,주택 이외의 거처,4년제 대학교,예술·인문,무직,서울-송파구,서울,대한민국,20대,지하철
00a4aaeee292479b805dbc69e12c89a5,"정승희 씨는 도매 상품의 유통 흐름을 분석하는 조사 전문가로 근무하며 실무에 바로 적용할 수 있는 핵심 지표를 빠르게 뽑아내는 데 능숙합니다. 정승희 씨는 협력 업체와 조율할 때 특유의 유연함으로 부드럽게 합의점을 찾아내지만, 정작 본인의 책상 위 서류 정리나 파일 이름 체계 관리 같은 세밀한 뒷정리에서는 빈틈을 보입니다.",정승희 씨는 퇴근 후 송파구 근처 필라테스 센터에서 뭉친 근육을 펴며 하루의 피로를 씻어냅니다. 정승희 씨는 주말이면 친구들과 함께 볼링장에서 가벼운 내기를 하며 땀을 흘리는 시간으로 일상의 활력을 얻습니다.,정승희 씨는 주말이면 경복궁이나 창덕궁의 고즈넉한 담벼락을 따라 천천히 걸으며 사진을 찍고 인문학적 상상력을 즐깁니다. 정승희 씨는 코인 노래방에서 박효신이나 성시경의 발라드를 부르며 억눌렸던 감정을 쏟아내는 시간을 소중히 여깁니다.,정승희 씨는 명절이나 휴가 때면 가족들을 방문해 정을 나누는 시간을 가장 중요하게 생각합니다. 정승희 씨는 친한 친구들과 함께 계획 없이 발길 닿는 대로 떠나는 국내 소도시 여행에서 편안한 휴식을 찾습니다.,정승희 씨는 동네 단골 분식집에서 매콤한 떡볶이와 바삭한 모둠 튀김을 곁들여 먹는 소소한 행복을 즐깁니다. 정승희 씨는 배달 음식보다는 직접 찾아가는 한식당에서 나물 비빔밥 같은 담백한 식사를 하며 건강한 한 끼를 챙깁니다.,"정승희 씨는 송파구의 다세대주택에서 부모님과 함께 살며 끈끈한 유대감을 나누고 서로의 일상을 세심하게 챙깁니다. 정승희 씨는 가족과 함께하는 시간을 사랑하면서도, 방 문을 닫고 혼자 침대에 누워 유튜브 영상을 보는 시간만큼은 누구에게도 방해받고 싶지 않아 합니다.","정승희 씨는 송파구에서 나고 자란 인문학 전공의 조사 전문가로, 안정적인 삶과 소소한 일상의 행복을 조화롭게 가꾸어 나가는 20대 후반의 직장인입니다.","석촌호수 산책길의 고즈넉함과 롯데월드몰의 화려함이 공존하는 송파구에서 나고 자랐으며, 인문학을 전공하며 익힌 사람에 대한 이해심과 사회적 맥락을 읽는 감각을 일상에 적용합니다. 부모님과 함께 거주하며 가족 간의 끈끈한 유대를 유지하면서도, 퇴근 후에는 혼자만의 영상 콘텐츠 시청 시간을 통해 정서적 독립을 꾀하는 생활 양식을 가지고 있습니다.","유통 시장의 흐름을 파악하고 상품의 경쟁력을 분석하는 조사 업무에 능숙하며, 복잡한 데이터 속에서 실무에 즉시 적용 가능한 핵심 지표를 빠르게 추출해냅니다. 협력 업체와의 조율 과정에서 상대의 입장을 세심하게 살피며 부드럽게 합의점을 찾아내는 유연한 소통 능력이 강점입니다.","['시장 트렌드 분석 및 소비자 반응 조사', '유통 채널별 상품 경쟁력 지표 분석', '데이터 기반의 실무 적용 보고서 작성', '비즈니스 관계 조율 및 갈등 중재']","주말이면 친구들과 함께 경복궁이나 창덕궁 같은 고궁을 천천히 거닐며 사진을 찍고, 평일 저녁에는 필라테스 센터에서 뭉친 근육을 풀며 하루의 긴장을 해소합니다. 가끔은 단골 분식집에서 떡볶이와 튀김을 곁들여 먹으며 소소한 즐거움을 찾고, 코인 노래방에서 익숙한 발라드를 부르며 스트레스를 풉니다.","['석촌호수 인근 필라테스 및 요가', '서울 도심 내 문화유적지 및 고궁 탐방', '동네 단골 분식집 맛집 투어', '수영장 자유 수영을 통한 체력 관리', '넷플릭스 인문학 다큐멘터리 시청']","현재 수행하는 조사 전문가로서의 직무 역량을 쌓아 업계에서 신뢰받는 실무자로 인정받고, 이를 바탕으로 소득 수준을 점진적으로 높여 경제적 자립을 이루는 것을 목표로 합니다. 거창한 성공보다는 일과 삶의 균형을 유지하며, 매달 저축액을 늘려나가는 안정적인 미래를 설계하고 있습니다.",여자,28,미혼,비현역,부모와 동거,다세대주택,4년제 대학교,예술·인문,조사 전문가,서울-송파구,서울,대한민국,20대,지하철
879334d8ea6b4effb8a616f33e11df99,"황지민 씨는 매일 아침 9시면 책상에 앉아 출판사 공고를 훑으며 맞춤법 하나까지 따지는 꼼꼼한 지원서를 작성합니다. 정시 퇴근이 보장되는 작은 갤러리나 출판사의 운영 지원직을 목표로 하며, 분 단위로 쪼개진 일정표를 지키며 사회 복귀를 준비하고 있습니다.",황지민 씨는 격렬한 운동 대신 석촌호수 산책로를 천천히 걸으며 계절마다 바뀌는 나무들의 색깔을 관찰합니다. 평소에는 암막 커튼을 친 방에서 넷플릭스를 보며 누워 있는 시간이 많아 가끔 몸이 무겁다고 느낍니다.,황지민 씨는 평일 오후면 넷플릭스의 범죄 다큐멘터리를 몰아보며 사건의 인과관계를 분석하는 시간을 갖습니다. 가끔은 강남 근처의 단기 글쓰기 워크숍에 참여해 자신의 생각을 정제된 문장으로 옮기며 내면의 질서를 잡습니다.,황지민 씨는 친구들과 함께 전문 강사가 진행하는 지방의 단기 인문학 캠프나 직무 연수 프로그램에 참여하며 여행을 즐깁니다. 단순히 구경하는 것보다 무언가를 배우고 체득할 수 있는 목적이 분명한 여정을 계획하고 실행합니다.,황지민 씨는 배달 앱의 리뷰를 낱낱이 분석해 실패 없는 도미노 피자나 맘스터치 버거 메뉴를 골라 주문합니다. 주말이면 친구들과 함께 가락시장에서 유명한 한우 구이집을 찾아가 육즙 가득한 고기를 굽고 소주 한 잔을 곁들입니다.,"황지민 씨는 송파구의 작은 다세대 주택에서 혼자 거주하며 독립적인 생활 공간이 주는 정적을 즐깁니다. 가족들과는 적당한 거리를 유지하면서도, 가끔 연락 오는 친구들과의 수다를 통해 외로움을 해소하고 정서적 유대감을 채웁니다.","황지민 씨는 꼼꼼한 성격의 인문학 전공자로, 현재 송파구에서 자취하며 정시 퇴근이 보장되는 내실 있는 직장을 꿈꾸는 28세 여성입니다.","송파구 가락동의 조용한 다세대 주택가에서 자취하며, 석촌호수 산책로의 계절 변화를 관찰하는 것이 일상의 소소한 낙입니다. 인문학 전공자로서 텍스트에 익숙하지만, 실제 생활에서는 배달 앱의 리뷰를 꼼꼼히 분석해 실패 없는 메뉴를 고르는 실용적인 생활 양식을 가지고 있습니다.","복잡하게 얽힌 정보에서 핵심 내용을 빠르게 추출해 체계적인 표로 정리하거나, 일정표를 분 단위로 쪼개어 관리하는 능력이 탁월합니다. 대학 시절 전공 과제물을 제출할 때 각주 하나까지 완벽하게 맞추던 습관 덕분에 문서의 오탈자와 비문을 잡아내는 교정 능력이 뛰어납니다.","['텍스트 구조화 및 요약', '상세 일정 관리 및 스케줄링', '문서 교정 및 교열', '기초적인 예술 작품 분석']","금요일 밤이면 마음 맞는 소수의 친구와 함께 강남의 라운지 바에서 칵테일을 마시며 밀린 수다를 떨고, 평일 낮에는 암막 커튼을 친 방에서 넷플릭스의 범죄 다큐멘터리를 몰아봅니다. 가끔은 자기계발을 위해 전문 강사가 운영하는 단기 글쓰기 워크숍에 참여해 생각을 정리하는 시간을 가집니다.","['범죄 다큐멘터리 시청', '소규모 지인 모임', '단기 글쓰기 워크숍 참여', '라운지 바 방문']",당장의 화려한 성공보다는 자신의 성실함을 인정받으며 정시 퇴근이 보장되는 작은 출판사나 갤러리의 운영 지원직 취업을 준비하고 있습니다. 매일 아침 정해진 시간에 일어나 채용 공고를 분석하고 지원서를 수정하는 루틴을 통해 사회 복귀를 위한 발판을 마련하고 있습니다.,여자,28,미혼,비현역,혼자 거주,다세대주택,4년제 대학교,예술·인문,무직,서울-송파구,서울,대한민국,20대,지하철
f4c16657762a4d1a8bbf42612c5b42e1,"이민정 씨는 제과제빵 전공을 살려 집에서 정교한 레터링 케이크를 제작하며, 자신의 취향을 온전히 녹여낸 작은 예약제 디저트 숍을 열어 단골 손님들과 느슨하게 소통하는 삶을 준비하고 있습니다.","이민정 씨는 격렬한 운동 대신 방 안에서 뉴진스의 노래를 크게 틀어놓고 리듬에 맞춰 춤을 추며 땀을 흘리거나, 오후의 나른한 낮잠으로 에너지를 보충합니다.","이민정 씨는 케이크 위에 섬세하게 글씨를 쓰고 색감을 구현하는 작업에 몰두하며, 휴일에는 좋아하는 음악을 감상하며 시각적인 영감을 얻기 위해 핀터레스트의 이미지들을 수집합니다.",이민정 씨는 친구들과 함께 가평이나 양평의 숲속 펜션으로 떠나 초록빛 풍경을 멍하니 바라보며 복잡한 마음을 비워내는 시간을 보냅니다.,"이민정 씨는 주말이면 송리단길의 정갈한 일본식 가정식 식당을 찾아가거나, 자극적이지 않은 나물 비빔밥 같은 고기 없는 한식을 즐겨 먹습니다.","이민정 씨는 송파구 석촌호수 인근의 다세대 주택에서 홀로 거주하며 독립적인 생활을 유지하고, 가끔 마음 맞는 친구들을 집으로 초대해 직접 만든 디저트를 대접합니다.","이민정 씨는 송파구에서 홀로 지내며 자신만의 작은 디저트 숍 오픈을 꿈꾸는, 감각적인 제과제빵 전공의 21세 청년입니다.","송파구 석촌호수 인근의 조용한 다세대 주택에서 홀로 지내며, 송리단길의 작은 소품숍과 신상 카페들을 구경하며 시간을 보내는 일상에 익숙합니다.","전문대학에서 제과제빵을 전공하여 맞춤형 레터링 케이크를 정교하게 제작하며, 의뢰인이 원하는 색감과 분위기를 시각적으로 구현하는 감각이 있습니다.","['레터링 케이크 디자인', '버터크림 아이싱', '색채 조합', '베이킹 도구 활용']","주말이면 친구들과 가평이나 양평의 숲속 펜션으로 떠나 멍하니 풍경을 바라보고, 저녁에는 편의점 수입 맥주를 마시며 뉴진스의 노래를 크게 틀어놓고 춤을 춥니다.","['송리단길 일식당 탐방', '석촌호수 산책로 사진 찍기', '유튜브 브이로그 시청', '숲속 캠핑']",거창한 프랜차이즈보다는 자신의 취향이 온전히 담긴 작은 예약제 디저트 숍을 열어 단골 손님들과 느슨하게 소통하며 살아가길 원합니다.,여자,21,미혼,비현역,혼자 거주,다세대주택,2~3년제 전문대학,해당없음,무직,서울-송파구,서울,대한민국,20대,지하철
cc2c30a1033748e39c1bf397b9ae5ac9,"신효주 씨는 피부미용 전문대학에서 피부 타입별 맞춤 관리법을 익혔으며, 훗날 송파구 골목 어딘가에서 예약제로만 운영되는 조용한 1인 피부 관리 샵을 열어 소수의 고객에게만 집중하는 삶을 꿈꿉니다. 다만 실습 시간마다 사용한 앰플 병과 핀셋을 제자리에 두지 않아 교수님께 잔소리를 듣던 덜렁거리는 습관이 여전히 남아있습니다.",신효주 씨는 격렬한 운동보다는 해 질 녘 석촌호수 산책로를 따라 천천히 걷는 시간을 통해 복잡한 생각을 정리하고 마음의 평온을 되찾습니다. 정해진 코스 없이 발길 닿는 대로 동네 골목길을 배회하며 정적인 움직임 속에서 에너지를 회복합니다.,신효주 씨는 대학로의 작은 소극장을 찾아 이름 모를 신인 배우들이 펼치는 낯선 이야기들에 몰입하며 시간을 보내는 것을 즐깁니다. 집에 돌아와서는 침대에 누워 잔잔한 분위기의 일상 브이로그를 몰아보며 타인의 삶을 엿보는 것으로 정서적 허기를 채웁니다.,"신효주 씨는 친구들과 함께 서울 시내의 숨겨진 명소를 찾아다니는 시티투어를 즐기며, 화려한 랜드마크보다는 오래된 가옥을 개조한 카페나 작은 독립 서점을 방문합니다. 촘촘한 계획표 대신 그날의 분위기에 맞춰 발길 닿는 곳으로 이동하며 우연한 발견이 주는 즐거움을 만끽합니다.",신효주 씨는 주말이면 페퍼로니 피자나 육즙 가득한 수제 버거를 배달시켜 먹으며 혼자만의 시간을 보내는 것을 좋아합니다. 외식을 할 때는 고기구이 집보다는 정갈한 나물 반찬이 나오는 보리밥집이나 된장찌개 전문점을 찾아 건강한 한 끼를 챙기려 노력합니다.,"신효주 씨는 부모님과 함께 살며 가족들과 부드럽고 조화로운 관계를 유지하고 있지만, 가끔은 혼자만의 공간이 절실해 방 문을 닫고 은둔하며 에너지를 충전합니다. 부모님의 세심한 보살핌 속에서 안정감을 느끼면서도, 한편으로는 독립적인 성인으로 인정받고 싶어 하는 미묘한 갈등을 겪습니다.","신효주 씨는 송파구의 정적인 분위기를 닮아 차분하고 배려심 깊지만, 정리정돈에 서툴고 계획 없는 삶의 여유를 즐기는 21세 피부미용 전공 무직자입니다.","석촌호수 산책로와 송리단길의 아기자기한 카페들 사이에서 청소년기를 보냈으며, 화려한 도심의 속도감보다는 골목 구석구석의 정적인 분위기에 익숙합니다.","전문대학에서 피부미용을 전공하며 피부 타입별 분석과 맞춤형 관리법을 익혔으나, 실습 후 사용한 도구들을 제자리에 정리하는 습관은 아직 부족합니다.","['퍼스널 컬러 진단', '피부 타입별 맞춤 케어', '기초 페이셜 마사지', '에스테틱 기기 조작']","주말 오후면 침대에 누워 유튜브 브이로그를 몰아보며 페퍼로니 피자를 먹거나, 대학로의 작은 소극장에서 낯선 이들의 이야기를 관람하며 시간을 보냅니다.","['유튜브 일상 브이로그 시청', '석촌호수 밤산책', '대학로 소극장 연극 관람', '강남 일대 클럽 방문']",사람들이 북적이는 대형 프랜차이즈 샵보다는 예약제로 운영되는 조용한 1인 샵에서 소수의 고객에게 집중하며 마음 편히 일하는 삶을 꿈꿉니다.,여자,21,미혼,비현역,부모와 동거,다세대주택,2~3년제 전문대학,해당없음,무직,서울-송파구,서울,대한민국,20대,도보
e3fe935f4b7949629ba2c14256434640,"정채영 씨는 보건복지 대학원에서 갈고닦은 분석력을 바탕으로 복지 대상자별 맞춤형 서비스 계획서를 세밀하게 작성하며, 지역 사회 보건소나 공공 복지 재단 입사를 목표로 실무 사례 연구와 자격증 갱신에 매진하고 있습니다.","정채영 씨는 헬스장에서 웨이트 트레이닝을 하며 땀을 흘리는 루틴을 지키고, 가끔은 송파구청 체육센터에서 배드민턴 셔틀콕을 주고받으며 구직 활동으로 쌓인 정적인 답답함을 해소합니다.",정채영 씨는 미래에 대한 불안감이 엄습하는 날이면 침대에 누워 네이버 웹툰의 인기 시리즈를 몰아보거나 유튜브의 먹방 영상을 시청하며 복잡한 생각을 잠시 내려놓습니다.,"정채영 씨는 가족들과 함께 전국 각지의 유명한 맛집을 찾아다니는 음식 관광을 즐기며, 지역 특산물을 활용한 구체적인 메뉴 리스트를 미리 작성해 방문하는 체계적인 여행 방식을 선호합니다.","정채영 씨는 주말이면 방이동 먹자골목의 단골 고깃집에서 가족들과 함께 두툼한 돼지갈비를 구워 먹고, 주중에는 한 번쯤 배달 앱으로 크림 파스타나 리조또 같은 양식을 주문해 혼자만의 만찬을 즐깁니다.","정채영 씨는 송파구에서 독립해 홀로 생활하고 있지만, 일주일에 한 번은 반드시 가족들과 모여 식사하며 고민을 나누고 정서적인 지지를 받는 돈독하고 긴밀한 관계를 유지하고 있습니다.","정채영 씨는 보건복지 전문가를 꿈꾸며 구직 중인 25세 여성으로, 철저한 계획성과 내면의 불안함을 동시에 지닌 채 송파구에서 자신만의 속도로 삶을 꾸려가고 있습니다.","송파구 석촌호수 근처의 전세 아파트에서 홀로 지내며, 보건복지 대학원 졸업 후 구직 활동과 휴식 사이의 경계에서 하루를 보냅니다. 학위 과정 동안 익힌 체계적인 사고방식과 성실함이 몸에 배어 있지만, 취업 준비 기간이 길어지면서 문득 찾아오는 미래에 대한 불안감을 잠시 잊으려 좋아하는 웹툰을 몰아보곤 합니다.","복지 대상자의 상황을 세밀하게 분석해 맞춤형 서비스 계획서를 작성하는 능력이 뛰어나며, 보건 행정 관련 데이터의 오차를 빠르게 찾아내는 꼼꼼함을 갖추고 있습니다.","['사회복지 사례 관리 계획 수립', '보건 통계 데이터 분석 및 정리', '공공기관 제출용 행정 문서 작성', '대상자 맞춤형 건강 상담 기법']","평소에는 집에서 낮잠을 자거나 유튜브로 먹방 영상을 보며 시간을 보내지만, 주말에는 방이동 먹자골목의 고깃집에서 가족들과 외식을 하며 스트레스를 풉니다. 체중 관리를 위해 집 근처 헬스장에서 정해진 루틴대로 기구 운동을 하고, 가끔은 구청 체육센터에서 배드민턴 셔틀콕을 치며 땀을 흘립니다.","['네이버 웹툰 정주행', '방이동 고기 맛집 탐방', '헬스장 웨이트 트레이닝 루틴 수행', '구청 체육센터 배드민턴', '유튜브 음식 리뷰 영상 시청']","지역 사회 보건소나 공공 복지 재단에 입사하여 실무 중심의 복지 체계를 구축하는 전문가가 되고자 하며, 현재는 이를 위해 필요한 자격증 갱신과 실무 사례 연구에 집중하고 있습니다.",여자,25,미혼,비현역,혼자 거주,아파트,대학원,보건·복지,무직,서울-송파구,서울,대한민국,20대,버스
218b787960624863ac4274c11da4df22,"강인지 씨는 송파구의 작은 갤러리나 독립 서점에서 아카이브를 관리하는 꿈을 꾸며, 취업 사이트를 훑어보다가도 자신의 감수성을 해치지 않을 적당한 거리의 일자리를 신중하게 고르고 있습니다. 완벽한 공고가 없다는 생각에 창을 닫고 블로그에 정갈한 일상 기록을 남기는 것으로 하루의 성취감을 대신하곤 합니다.","강인지 씨는 매일 아침 정해진 시간에 필라테스 센터를 방문해 코어 근육을 잡으며 하루를 시작하고, 날씨가 좋은 날에는 석촌호수 산책로를 천천히 걸으며 계절의 변화를 관찰합니다. 가끔은 친구들과 함께 볼링장이나 탁구장을 찾아 땀을 흘리며 정적인 일상에 활력을 더합니다.","강인지 씨는 전시회 팸플릿에 적힌 짧은 문구 하나에서도 깊은 철학적 의미를 찾아내며, 이를 자신만의 시선으로 재해석해 블로그에 정갈한 사진과 함께 기록합니다. 타인의 취향을 세밀하게 분석해 딱 맞는 공간을 추천해주는 큐레이션에 능숙하며, 사진의 구도와 글의 톤을 맞추는 작업에 몰입합니다.",강인지 씨는 친구나 연인과 함께 낯선 도시의 골목길을 누비며 현지인들만 아는 숨은 맛집을 찾아다니는 음식 관광에 몰입합니다. 여행지에서도 단순히 유명한 곳을 가기보다 그 지역의 분위기가 묻어나는 작은 식당의 메뉴판 문구를 읽으며 그곳만의 정서를 수집합니다.,"강인지 씨는 일주일에 두세 번 방이동 먹자골목의 분식집에서 떡볶이와 김밥을 즐기며, 정갈한 나물 반찬이 나오는 한식당을 찾아다니는 식습관을 가지고 있습니다. 배달 음식은 일주일에 한 번 정도로 제한하며, 직접 찾아가서 맛보는 음식의 온도와 공간의 분위기를 중요하게 여깁니다.","강인지 씨는 송파구의 아파트에서 부모님과 함께 지내며 집안의 안락함을 누리지만, 서른을 앞둔 나이에 여전히 부모님 그늘 아래 있다는 사실에 문득문득 무력감을 느낍니다. 부모님과는 원만한 관계를 유지하며 다정하게 대화를 나누면서도, 마음 한구석에는 빨리 나만의 독립된 공간을 갖고 싶다는 갈망이 공존합니다.","강인지 씨는 송파구에 거주하며 인문학적 감수성과 정적인 취향을 블로그에 기록하는, 느린 호흡으로 자신의 길을 찾는 29세의 취업 준비생입니다.","송파구 석촌호수 주변의 정돈된 풍경 속에서 성장하며 도시적인 세련됨과 정적인 분위기에 익숙합니다. 인문학 전공자로서 전시회 팸플릿의 문구 하나에도 깊은 의미를 부여하며, 부모님과 함께 지내며 느끼는 안락함과 동시에 독립하지 못한 상태에서 오는 미묘한 부채감을 일상적으로 느낍니다.","블로그에 일상의 기록을 정갈하게 남기며, 타인의 취향을 세밀하게 분석해 딱 맞는 장소를 추천하는 큐레이션 능력이 좋습니다. 예술적 감각을 활용해 사진의 구도를 잡고 글의 톤을 일관되게 맞추는 디지털 콘텐츠 편집에 능숙합니다.","['블로그 콘텐츠 큐레이션', '전시 기획 보조', '맞춤형 맛집 지도 제작', '에세이 작성', '디지털 사진 보정']","주말마다 방이동 먹자골목의 숨은 분식집을 찾아다니며 식단 기록을 남기는 것에 몰입합니다. 체력 관리를 위해 매일 아침 필라테스로 몸을 깨우고, 마음이 소모된 날에는 동네 사우나에서 멍하게 시간을 보내며 복잡한 생각들을 비워냅니다.","['기구 필라테스', '석촌호수 산책', '전국 떡볶이 맛집 투어', '일상 기록 블로깅', '인테리어 잡지 스크랩']",자신의 감수성을 소모하지 않으면서도 사회적 역할을 다할 수 있는 작은 독립 서점이나 갤러리 아카이브 관리직을 희망합니다. 당장의 빠른 취업보다는 나만의 속도로 전문성을 쌓아 마음의 여유를 찾을 수 있는 환경을 구하고 있습니다.,여자,29,미혼,비현역,부모와 동거,아파트,4년제 대학교,예술·인문,무직,서울-송파구,서울,대한민국,20대,버스
93bd6faafd6d4234a1ae3b15c6273bf1,"김지연 씨는 서비스학 전공자로서 호텔 컨시어지를 꿈꾸며 완벽한 업무 체크리스트를 만들지만, 정작 입사 지원서는 퇴고만 반복하다 마감 기한을 넘기기 일쑤인 취업 준비생입니다. 상대의 미묘한 표정 변화를 읽어내어 분위기를 전환하는 능력이 탁월하지만, 정작 자신의 부족함을 드러내야 하는 면접 자리에서는 극도로 긴장하는 면모를 보입니다.",김지연 씨는 땀 흘리는 격렬한 운동보다는 석촌호수 둘레길을 천천히 걷거나 정적인 분위기에서 생각을 정리하는 산책을 즐깁니다. 특별한 운동 기구 없이도 매일 정해진 시간 동안 동네 골목을 누비며 계절에 따라 변하는 가로수의 색깔을 관찰하는 것이 그녀의 유일한 신체 활동입니다.,"김지연 씨는 주말이면 넷플릭스 최신작을 몰아보거나 조용한 카페에서 소설책을 읽으며 시간을 보내고, 친한 친구들과 모여 전략 보드게임을 하며 평소 숨겨둔 승부욕을 드러내기도 합니다. 화려한 대형 전시회보다는 소박한 감성이 묻어나는 독립 영화관의 분위기를 좋아하며, 그곳에서 타인의 삶을 관찰하는 일에 깊이 몰입합니다.",김지연 씨는 가족들과 함께 강원도 평창의 전나무 숲길을 걸으며 울창한 나무들이 뿜어내는 피톤치드 속에 파묻혀 일상의 불안을 잠재웁니다. 유명 관광지의 북적임보다는 이름 없는 숲길이나 고요한 호숫가에서 풍경을 가만히 응시하며 마음의 평온을 되찾는 여행 방식을 고수합니다.,"김지연 씨는 송리단길의 빵집들을 순례하며 갓 구운 소금빵과 치아바타의 쫄깃한 식감을 즐기고, 외식을 할 때는 고기보다는 나물 비빔밥이나 청국장 같은 담백한 한식을 찾습니다. 배달 음식은 2주에 한 번 정도만 시켜 먹을 정도로 절제하지만, 한 번 꽂힌 빵집의 신메뉴는 반드시 맛봐야 직성이 풀리는 식탐이 있습니다.","김지연 씨는 서울에서 홀로 독립해 지내고 있지만, 심리적인 지지대는 여전히 가족이며 특히 명절이나 휴가 때 가족과 함께 떠나는 여행에서 가장 큰 안도감을 느낍니다. 겉으로는 독립적인 성인처럼 행동하려 애쓰지만, 가끔 부모님의 잔소리가 그리워질 때면 먼저 전화를 걸어 소소한 일상을 공유하는 애정 어린 딸입니다.","김지연 씨는 송파구에 거주하며 호텔 컨시어지를 꿈꾸는 22세 취준생으로, 섬세한 서비스 마인드와 내성적인 성격, 빵에 대한 진심 어린 애정을 가진 청년입니다.","석촌호수 인근 다세대주택에서 홀로 지내며 송리단길의 작은 가게들이 주는 특유의 분위기를 즐깁니다. 서비스학을 전공하며 타인에게 친절한 태도를 몸에 익혔지만, 정작 자신의 깊은 속마음을 털어놓는 데는 시간이 오래 걸리는 조심스러운 성격입니다.",상대방의 표정과 말투에서 미묘한 불편함을 읽어내어 자연스럽게 상황을 전환하는 능력이 탁월합니다. 서비스 프로세스의 빈틈을 찾아내어 누구나 이해하기 쉬운 체크리스트로 만드는 정리 습관이 있습니다.,"['비언어적 커뮤니케이션 분석', '서비스 매뉴얼 구조화', '상황별 고객 응대 시나리오 작성', '효율적인 일정 관리']","주말이면 송리단길의 빵집들을 돌며 갓 구운 소금빵과 치아바타를 고르고, 집에서는 정적인 분위기의 보드게임을 즐깁니다. 가끔 가족들과 함께 평창의 울창한 전나무 숲길을 걸으며 일상의 소란함을 가라앉히곤 합니다.","['송리단길 베이커리 탐방', '고전 영화 및 독립 영화 감상', '루미큐브와 스플렌더 보드게임', '강원도 숲길 산책']","개인의 취향을 세밀하게 반영한 맞춤형 경험을 설계하는 호텔 컨시어지나 서비스 기획자로 성장하길 바랍니다. 다만, 실패에 대한 두려움이 커서 확신이 생길 때까지 지원서를 계속 고쳐 쓰느라 제출 시기를 놓치곤 하는 면이 있습니다.",여자,22,미혼,비현역,혼자 거주,다세대주택,4년제 대학교,서비스,무직,서울-송파구,서울,대한민국,20대,복합수단
317bc2eb1b214426b420a7cd7b645427,"이보경 씨는 콘텐츠 기획이나 예술 분야에서 이름을 알리고 싶어 하지만, 완벽하게 해내지 못할 것 같다는 불안감에 휩싸여 학원 등록이나 진로 결정을 계속해서 미루고 있습니다. 평소에는 느긋하게 시간을 보내다가도 마감 직전이 되면 엄청난 몰입력을 발휘해 그럴듯한 결과물을 만들어내는 순발력으로 상황을 모면하곤 합니다.","이보경 씨는 땀 흘리는 격렬한 운동은 멀리하며, 가끔 기분이 가라앉을 때 반려견을 데리고 석촌호수 산책로를 천천히 걸으며 풍경을 감상하는 것으로 활동량을 채웁니다.","이보경 씨는 밤늦게까지 침대에 누워 좋아하는 아이돌의 무대 영상을 반복해서 돌려보고, 인스타그램 피드를 감각적인 색감과 구도로 배치해 자신의 취향을 전시하는 일에 능숙합니다. 마음이 불안한 날에는 반려견을 품에 안고 판타지 소설 속 세계에 깊이 빠져들어 현실의 압박감을 잊으려 노력합니다.",이보경 씨는 부모님을 조르고 강릉이나 양양으로 떠나 바다가 보이는 예쁜 카페의 디저트를 사진에 담는 음식 중심의 가족 여행을 즐깁니다. 낯선 곳으로의 모험보다는 이미 검증된 유명 맛집과 포토존을 따라다니는 안정적인 일정을 선호합니다.,"이보경 씨는 일주일에 네 번 이상 외식을 하며, 정갈한 나물 반찬이 나오는 한식당이나 롯데월드몰 내의 수제 버거 집을 자주 방문합니다. 일주일에 한 번 정도는 집에서 편하게 배달 앱으로 피자를 시켜 먹으며 스트레스를 풉니다.","이보경 씨는 부모님의 전폭적인 지원 덕분에 안락한 환경에서 성장했지만, 동시에 그 기대에 부응해야 한다는 보이지 않는 압박감 때문에 가족 앞에서 때때로 예민하고 날카로운 반응을 보입니다. 그럼에도 불구하고 가장 의지하는 대상은 가족이며, 함께 여행을 떠나며 정서적인 허기를 채웁니다.","이보경 씨는 잠실의 풍요로운 환경 속에서 예술적 감각과 진로에 대한 불안함을 동시에 안고 살아가는, 섬세하고 예민한 열아홉 살 청소년입니다.","송파구 잠실 근처 아파트 단지에서 자라며 롯데월드몰이나 석촌호수 산책이 일상인 환경에서 성장했습니다. 입시 경쟁의 압박 속에서 예민한 감수성을 키웠으며, 가족의 전폭적인 지원이 주는 안락함과 동시에 그 기대에 부응해야 한다는 보이지 않는 압박감을 동시에 느끼며 지내왔습니다.","사람들의 분위기를 빠르게 파악해 대화를 주도하는 능력이 뛰어나며, 특히 SNS에서 자신의 취향을 시각적으로 매력 있게 구성해 전달하는 데 능숙합니다. 평소 정리정돈은 서툴지만, 마감 직전의 몰입력을 발휘해 결과물을 그럴듯하게 완성해내는 순발력이 있습니다.","['인스타그램 릴스 영상 편집', '분위기에 맞는 대화 주제 선정', '최신 유행 팝업 스토어 정보 수집', '감정이 실린 설득력 있는 말하기']","주말이면 부모님을 조르고 강릉이나 양양의 유명한 디저트 카페를 찾아다니며 사진을 찍고, 평일 밤에는 침대에 누워 유튜브로 좋아하는 아이돌의 무대 영상을 반복해서 봅니다. 기분이 가라앉는 날에는 반려견을 품에 안고 좋아하는 소설책을 읽으며 혼자만의 세계에 빠져듭니다.","['성수동 팝업 스토어 투어', '아이브 무대 영상 분석', '반려견과 석촌호수 산책', '좋아하는 작가의 에세이 필사']",자신의 표현력이 빛을 발할 수 있는 콘텐츠 기획이나 예술 관련 분야에서 사람들의 시선을 끄는 일을 꿈꿉니다. 다만 완벽하게 해내지 못할 것 같다는 불안감이 커서 여러 선택지를 두고 계속 고민하며 진로 결정을 미루고 있습니다.,여자,19,미혼,비현역,부모와 동거,아파트,고등학교,해당없음,무직,서울-송파구,서울,대한민국,10대,복합수단
d126a67e2e2042d5b4207069555e4ba2,"김정우 씨는 공학적 정밀함으로 공연장 음향 시스템을 설계하고 영상 프레임 하나하나를 집요하게 수정하던 기획자였으며, 현재는 정돈되지 않은 책상 위에서 자신의 전문성을 다시 펼칠 문화 예술 재단의 공고를 살피고 있습니다.",김정우 씨는 땀 흘리는 격렬한 운동보다는 해 질 녘 석촌호수 산책로를 느릿하게 걸으며 머릿속의 복잡한 생각들을 하나씩 정리하는 시간을 가집니다.,"김정우 씨는 주말이면 넷플릭스로 오래된 일본 고전 영화들을 정주행하며 정교한 영상미에 몰입하고, 공학적인 시선으로 화면 구성의 논리적 배치를 분석하곤 합니다.",김정우 씨는 낯선 곳을 탐험하는 일정 대신 친한 친구나 연인과 함께 조용한 휴양지에서 아무런 계획 없이 늘어져 쉬는 여행을 즐깁니다.,"김정우 씨는 보름에 한 번 정도 친구들과 만나 바삭한 돈카츠나 정갈한 일식 정식을 먹으며, 평소 집에서는 나물을 듬뿍 넣은 담백한 한식 차림으로 소박하게 끼니를 해결합니다.","김정우 씨는 송파구 아파트에서 혼자 지내며 독립적인 생활을 유지하지만, 가끔 본가에 들러 가족들과 시간을 보내거나 동네 친구들과 무심하게 주고받는 대화에서 깊은 위안을 얻습니다.",김정우 씨는 공학적 이성과 예술적 감성을 동시에 지닌 채 송파구에서 새로운 커리어의 기회를 기다리는 30대 남성입니다.,"송파구의 조용한 아파트 단지에서 성장하며 공학적인 사고방식을 익혔지만, 대학원 시절부터 무대 예술의 매력에 빠져 논리와 감성의 경계를 오가는 삶을 살았습니다. 정돈된 환경보다는 적당히 어질러진 작업실 분위기를 편안하게 느끼며, 오랜 시간 알고 지낸 동네 친구들과의 무심한 대화에서 심리적 안정감을 얻습니다.","공학적 지식을 바탕으로 공연장의 음향 설계와 조명 시스템의 기술적 메커니즘을 정밀하게 제어하며, 전체적인 제작 공정을 효율적으로 관리하는 능력이 있습니다. 특히 영상 편집 과정에서 프레임 단위의 세밀한 조정과 하드웨어 최적화를 통해 결과물의 완성도를 높이는 작업에 능숙합니다.","['프리미어 프로를 활용한 고정밀 컷 편집', '공연장 음향 시스템 설계 및 최적화', '영상 제작 파이프라인 및 예산 관리', '하드웨어 기반의 영상 코덱 최적화']","석촌호수 산책로를 천천히 걸으며 생각을 정리하거나, 주말이면 집에서 넷플릭스로 고전 일본 영화를 정주행하며 시간을 보냅니다. 가끔 친구들과 만나 바삭한 돈카츠나 정갈한 일식 정식을 즐기고, 집에서는 나물 위주의 담백한 한식 차림으로 소박한 식사를 합니다.","['석촌호수 둘레길 산책', '고전 일본 영화 및 감독별 작품 시청', '나물 비빔밥과 된장찌개 요리', '유튜브 영상 분석 및 레퍼런스 아카이빙']",자신의 기술적 배경과 기획력을 모두 쏟아부을 수 있는 영상 제작사나 문화 예술 재단의 프로젝트 매니저로 복귀하여 실질적인 결과물을 만들어내고자 합니다. 거창한 예술적 명성보다는 시스템이 안정적으로 돌아가는 환경에서 자신의 몫을 다하며 차근차근 경력을 회복하는 것에 집중하고 있습니다.,남자,33,미혼,비현역,혼자 거주,아파트,대학원,공학·제조·건설,"전직 공연·영화 및 음반 기획자, 현재 구직중",서울-송파구,서울,대한민국,30대,자차
05ecf711e70d4c66924b72d7481d0260,"허형석 씨는 구글 애널리틱스로 정밀하게 유입 경로를 분석해 구매 전환율을 끌어올리며, 고집 센 광고주와 예민한 제작팀 사이에서 일정을 조율하는 데 능숙한 마케팅 전문가입니다. 불필요한 야근을 혐오하여 업무 효율을 극대화하는 나름의 체계를 갖추고 있으며, 화려한 스포트라이트보다 매달 안정적인 성과 지표를 달성해 팀 내에서 대체 불가능한 실무 책임자로 인정받는 것을 목표로 합니다.","허형석 씨는 주말이면 남한산성 둘레길을 오르며 땀을 흘리지만, 무거운 몸 때문에 벤치에서 쉬는 시간이 실제로 걷는 시간보다 길어질 때가 많습니다. 평소에는 PC 앞에 앉아 리그 오브 레전드를 플레이하며 치열한 경쟁 속에서 스트레스를 해소하는 정적인 활동에 더 익숙한 모습을 보입니다.","허형석 씨는 거실 소파에 파묻혀 넷플릭스 오리지널 시리즈를 몰아보며 시간을 보내거나, 잠실나루역 인근의 한적하고 낡은 찻집에서 우려낸 차 향기를 맡으며 생각을 정리합니다. 화려한 예술 전시보다는 일상 속에서 쉽게 접할 수 있는 디지털 콘텐츠와 아날로그적인 공간이 주는 정취를 동시에 추구합니다.",허형석 씨는 배우자나 친구와 함께 떠나는 여행에서 빡빡한 일정표 대신 호텔 침구 속에서의 늦잠과 고급 스파 같은 온전한 휴식을 최우선으로 삼습니다. 유명 관광지를 바쁘게 돌아다니기보다 조용한 리조트에서 맛있는 음식을 먹으며 멍하게 시간을 보내는 힐링 여행을 즐깁니다.,"허형석 씨는 주 2~3회 정도 송파구 인근의 두툼한 삼겹살집이나 정갈한 일식집을 찾아 외식을 즐기며, 일주일에 한 번은 편하게 배달 앱으로 야식을 시켜 먹습니다. 혈당 수치가 좋지 않음에도 불구하고 기름진 고기 요리와 짭조름한 초밥의 유혹 앞에서는 현실적인 타협안을 찾으며 젓가락을 움직입니다.","허형석 씨는 송파구 아파트에서 배우자와 함께하며 서로의 감정을 세심하게 살피는 다정한 생활을 유지하고, 주말이면 부모님 댁을 방문해 도란도란 이야기를 나눕니다. 갈등을 싫어하고 조화를 중시하는 성격 덕분에 처가 식구들과도 원만한 관계를 유지하며 집안의 믿음직한 사위 역할을 수행합니다.","허형석 씨는 송파구에 자가를 보유한 32세 마케팅 전문가로, 효율적인 업무 처리와 안정적인 가정을 중시하지만 건강 관리가 시급한 현실적인 30대 남성입니다.","송파구 잠실나루역 인근 아파트에서 배우자와 생활하며, 주말이면 석촌호수를 산책하거나 부모님 댁을 방문해 시간을 보냅니다. 디지털 전환기를 겪은 세대답게 최신 앱 서비스에 익숙하면서도, 가끔은 동네 오래된 찻집의 정취를 즐기는 면이 있습니다.",구글 애널리틱스로 유입 경로를 분석해 실질적인 구매 전환율을 높이는 전략을 짭니다. 까다로운 광고주와 제작팀 사이에서 갈등을 조율하며 프로젝트 일정을 차질 없이 맞추는 데 능숙합니다.,"['데이터 기반 전환율 최적화', '광고주 커뮤니케이션 및 협상', '분기별 마케팅 예산 수립', '소비자 행동 패턴 분석']","퇴근 후 거실 소파에 누워 넷플릭스 시리즈를 정주행하거나 PC로 리그 오브 레전드를 하며 스트레스를 풉니다. 주말에는 남한산성 둘레길을 오르지만, 체중 때문에 금방 숨이 차서 자주 쉬어 가곤 합니다.","['리그 오브 레전드 게임', '남한산성 둘레길 등산', '오마카세 일식당 탐방', '넷플릭스 드라마 시청']",불필요한 야근을 줄이면서도 업무 효율을 극대화해 팀 내에서 대체 불가능한 실무 책임자로 자리 잡고 싶어 합니다. 화려한 성과보다는 매달 안정적인 성과 지표를 달성해 신뢰받는 관리자가 되는 것이 목표입니다.,남자,32,배우자있음,비현역,배우자와 거주,아파트,4년제 대학교,경영·행정·법,마케팅 전문가,서울-송파구,서울,대한민국,30대,자차
c8800212d8f642c886fee21f7f6663a5,"최장훈 씨는 보건복지 전공 지식을 활용해 구청 행정복지센터나 종합사회복지관의 안정적인 정규직 자리를 갈망하며, 현재는 무직 상태의 무력감을 견디며 정부 지원금 신청 서류의 세부 조항을 분석하는 일에 몰두합니다.","최장훈 씨는 격렬한 운동보다는 석촌호수를 천천히 거닐며 복잡한 생각을 정리하고, 가끔은 깊은 낮잠으로 에너지를 보충하며 정적인 신체 활동 위주로 하루를 보냅니다.","최장훈 씨는 집에서 유튜브로 잔잔한 시티팝을 틀어놓고 소설책의 문장들에 몰입하며, 현실의 불안함을 잠시 잊은 채 자신만의 정서적 세계에 머무는 시간을 즐깁니다.",최장훈 씨는 배우자나 오래된 친구와 함께 지역의 유명한 노포나 숨은 맛집을 찾아다니는 식도락 여행을 통해 일상의 활력을 얻고 새로운 미각적 자극을 탐색합니다.,"최장훈 씨는 주 4회 이상 외식을 하며 정갈한 나물 반찬이 나오는 한식당을 즐겨 찾고, 유독 마음이 어지러운 날에는 집 근처 치킨집의 바삭한 후라이드 치킨으로 스트레스를 해소합니다.","최장훈 씨는 배우자와 함께 송파구 전세 아파트에서 생활하며, 서로에 대한 깊은 의지 속에서도 취업 준비가 길어짐에 따라 느끼는 미묘한 미안함과 긴장감을 동시에 안고 살아갑니다.",최장훈 씨는 보건복지 전공자로서의 전문성과 무직의 불안함 사이에서 석촌호수 산책과 식도락으로 마음을 다스리는 서른한 살의 청년입니다.,"송파구 석촌호수 인근의 전세 아파트에 거주하며, 산책로를 따라 걷는 일로 마음속의 불안과 예민함을 다스립니다. 대학에서 보건복지를 전공하며 사회 구조적 문제에 눈을 떴으나, 현재는 무직 상태가 주는 심리적 압박감과 일상의 무력감 사이에서 갈등하는 시기를 보내고 있습니다.","정부의 복지 지원금 신청 절차와 복잡한 행정 서류 작성법을 꿰고 있어, 주변 사람들이 어려워하는 공공 서비스 신청을 구체적으로 도와줄 수 있습니다. 실질적인 혜택을 받을 수 있는 경로를 빠르게 찾아내어 실행 가능한 대안을 제시하는 데 능숙합니다.","['정부 보조금 신청 서류 작성', '사회복지 사례 관리', '공공기관 행정 절차 안내', '보건 복지 관련 법령 해석']","주말이면 배우자와 함께 가락시장의 숨은 맛집을 찾아다니며 식도락을 즐기고, 집에서는 유튜브로 잔잔한 시티팝을 틀어놓고 소설책을 읽으며 시간을 보냅니다. 스트레스가 심한 날에는 집 근처 치킨집에서 갓 튀긴 후라이드 치킨을 먹으며 긴장을 풉니다.","['가락시장 먹거리 탐방', '유튜브 시티팝 감상', '석촌호수 야간 산책', '한국 현대 소설 읽기', '후라이드 치킨 맛집 지도 만들기']",거주지 근처의 종합사회복지관이나 구청 행정복지센터에서 정년이 보장되는 안정적인 직무를 맡아 매달 규칙적인 수입을 얻는 삶을 꿈꿉니다. 거창한 성공보다는 출퇴근 시간이 짧고 일상의 평온함을 유지할 수 있는 현실적인 직장 생활을 원하고 있습니다.,남자,31,배우자있음,비현역,배우자와 거주,아파트,4년제 대학교,보건·복지,무직,서울-송파구,서울,대한민국,30대,자차
78c87411d2334458b4803f4dc6b2c835,"여석훈 씨는 개발자의 기술적 언어와 경영진의 사업적 요구 사이에서 접점을 찾아 실제 구현 가능한 기획서로 옮기는 조율 능력이 탁월하며, 노션의 데이터베이스를 활용해 팀원들의 마감 기한을 세밀하게 챙기는 실속 있는 관리자입니다. 정시 퇴근 문화를 지향하며 효율적인 시스템 구축에 힘쓰지만, 갈등을 피하려는 성격 탓에 팀원들이 기피하는 까다로운 잔업을 본인이 묵묵히 떠안는 버릇이 있습니다.","여석훈 씨는 주말이면 아내와 함께 석촌호수 산책길의 인파 속을 천천히 걸으며 복잡한 머릿속을 정리하고, 계절이 바뀔 때마다 청계산이나 북한산의 가벼운 등산 코스를 오르며 체력을 관리합니다. 격렬한 운동보다는 정적인 움직임을 선호하며, 산행 후 내려와 마시는 시원한 생수 한 잔의 성취감을 소중히 여깁니다.","여석훈 씨는 오늘의집 앱을 수시로 확인하며 좁은 전셋집 거실을 효율적으로 활용할 수 있는 가구 배치에 몰입하고, 집안 곳곳에 은은한 조명을 배치해 분위기를 바꾸는 것을 즐깁니다. 경주 불국사나 부여 정림사지 오층석탑 같은 오래된 건축물 앞에 서서 그 정교한 비례미를 관찰하며 마음의 평온을 찾는 정적인 취향을 가지고 있습니다.","여석훈 씨는 아내와 함께 경복궁 돌담길을 천천히 걷거나 경주와 부여의 유적지를 찾아다니며 우리나라 고대 건축의 아름다움을 탐방하는 여행을 즐깁니다. 화려한 관광지보다는 고즈넉한 분위기가 흐르는 역사적 장소를 선호하며, 방문하기 전 관련 역사 서적을 찾아보는 꼼꼼함을 보입니다.","여석훈 씨는 주 1회 외식을 할 때 주로 정갈한 초밥이나 사케를 곁들인 일식집을 찾으며, 한식당에서는 제육볶음 같은 고기류보다 나물 비빔밥이나 청국장처럼 담백한 메뉴를 선택합니다. 일주일에 한 번 배달 음식을 시켜 먹을 때도 자극적인 맛보다는 속이 편안한 식단을 신중하게 고르는 편입니다.","여석훈 씨는 송파구 가락동의 전세 아파트에서 아내와 서로를 배려하며 다정하게 생활하며, 의견 충돌이 생길 것 같으면 먼저 양보하고 맞추어 주는 부드러운 남편입니다. 아내의 취향을 존중해 집안 인테리어를 함께 고민하지만, 가끔은 자신의 주장을 너무 뒤로 미루어 결정 내리는 것을 어려워하는 면이 있습니다.","여석훈 씨는 송파구에 거주하며 IT 기획자로 일하는 31세 남성으로, 실용적인 삶의 태도와 타인에 대한 깊은 배려심을 갖춘 채 내 집 마련의 꿈을 키워가는 성실한 직장인입니다.","송파구 가락동의 전세 아파트에서 아내와 함께 생활하며, 주말이면 석촌호수 산책길의 인파 속에서 적당한 거리감을 유지하는 법을 익혔습니다. 디지털 기기에 능숙한 세대지만, 가끔은 경복궁의 돌담길을 천천히 걷는 정적인 시간을 통해 복잡한 머릿속을 정리하곤 합니다.","개발자와 경영진 사이의 언어 차이를 조율하여 실제 구현 가능한 기획서로 바꾸어 내는 능력이 탁월합니다. 노션의 데이터베이스 기능을 활용해 프로젝트의 진척도를 세밀하게 관리하며, 팀원들이 놓치기 쉬운 작은 마감 기한들을 조용히 챙겨줍니다.","['IT 프로젝트 일정 및 리스크 관리', '상세 요구사항 명세서 작성', '다양한 이해관계자 간의 커뮤니케이션 조율', '지라 기반의 업무 프로세스 최적화']",'오늘의집' 앱을 수시로 확인하며 좁은 전셋집 거실을 효율적으로 활용할 수 있는 조립식 선반이나 간접 조명을 배치하는 데 몰입합니다. 가끔은 아내와 함께 경주나 부여의 유적지를 찾아가 오래된 건축물의 비례미를 관찰하며 조용히 시간을 보냅니다.,"['오늘의집 활용한 소형 아파트 인테리어', '경주 및 부여 역사 유적지 답사', '석촌호수 야간 산책', '유튜브를 통한 최신 IT 기술 트렌드 시청']","무리한 일정 추진으로 팀원을 몰아세우기보다, 효율적인 시스템을 구축해 모두가 정시에 퇴근하면서도 성과를 내는 실속 있는 시니어 매니저가 되고 싶어 합니다. 현재의 소득을 차곡차곡 모아 송파구 내에 작은 내 집 마련을 하는 것을 가장 구체적인 단기 목표로 삼고 있습니다.",남자,31,배우자있음,비현역,배우자와 거주,아파트,4년제 대학교,정보통신기술,기획 관리자,서울-송파구,서울,대한민국,30대,지하철
0aaf88990be54729aa82459b09c19ed1,"김우진 씨는 복잡한 수식의 엑셀 시트보다는 데이터가 흐르는 맥락을 짚어내어 팀원들이 한눈에 이해할 수 있는 시각 자료로 바꾸는 데 탁월한 능력을 발휘합니다. 부서 간의 팽팽한 기싸움이 벌어질 때면 특유의 유연함으로 갈등을 중재하며, 숫자로 증명되는 성과보다 사람이 중심이 되는 조직 문화를 꿈꾸는 31세 기획자입니다.","김우진 씨는 주말이면 친구들과 함께 동네 볼링장에서 가벼운 내기를 하며 스트레스를 풀고, 땀 흘린 뒤 나누는 시시콜콜한 농담에서 활력을 얻습니다. 격렬한 운동보다는 탁구처럼 리듬감 있게 주고받는 활동을 즐기며, 느긋하게 걷는 산책의 평온함을 사랑합니다.","김우진 씨는 홀로 국립현대미술관의 고요한 전시실을 거닐며 작품의 여백을 통해 복잡했던 머릿속을 정리하는 시간을 가집니다. 시각적인 조화에 민감한 감각은 업무상 기획서를 작성할 때도 그대로 드러나, 텍스트 위주의 문서보다 직관적인 도표와 이미지를 적절히 배치하는 습관이 있습니다.",김우진 씨는 가평의 한적한 숲속 캠핑장에서 타오르는 장작불을 멍하니 바라보며 팟캐스트의 차분한 목소리에 귀를 기울이는 고독한 휴식을 즐깁니다. 계획표에 얽매이지 않고 발길 닿는 대로 문화유적지를 찾아가 역사의 숨결을 느끼는 나홀로 여행을 통해 내면의 단단함을 채웁니다.,김우진 씨는 평소에는 집에서 간단히 해결하다가 보름에 한 번 정도 친구들과 함께 지글지글 구워지는 두툼한 삼겹살집을 찾아가 외식을 즐깁니다. 식후에는 반드시 성수동의 골목 빵집을 들러 고소한 버터 향이 가득한 소금빵을 손에 쥐어야 비로소 완벽한 하루가 완성되었다고 느낍니다.,"김우진 씨는 가족과 떨어져 송파구 가락동에서 마음 맞는 친구와 함께 살며, 때로는 친형제보다 더 끈끈한 유대감 속에서 일상의 고민을 나눕니다. 주변 사람들의 이야기를 묵묵히 들어주고 공감해 주는 성격 탓에, 집안에서도 친구의 사소한 투정이나 고민을 다 받아주는 든든한 상담소 역할을 자처합니다.","김우진 씨는 사람 중심의 유연한 조직을 꿈꾸는 다정하고 사교적인 기획자이자, 혼자만의 예술적 휴식과 소박한 빵집 투어를 사랑하는 31세 청년입니다.","송파구 가락동의 오래된 다세대 주택에서 친구와 함께 살며, 석촌호수 산책로의 계절 변화를 관찰하는 일상에 익숙합니다. 타인의 감정을 세밀하게 살피는 성격 탓에 주변 사람들의 고민 상담소 역할을 자처하며 조용한 유대감을 쌓아왔습니다.","복잡한 사업 계획서를 한눈에 들어오는 시각적 자료로 요약하고, 부서 간의 날카로운 이해관계를 부드럽게 조율해 합의점을 찾아내는 데 능숙합니다. 특히 엑셀의 복잡한 수식보다는 실질적인 데이터 흐름을 읽어내어 실행 가능한 대안을 제시하는 감각이 좋습니다.","['전략 기획서 시각화', '부서 간 갈등 조정', '실무 데이터 분석 및 보고', '효율적인 일정 관리']","혼자 국립현대미술관의 전시를 천천히 둘러보며 생각을 정리하고, 주말에는 가평의 한적한 캠핑장에서 팟캐스트를 들으며 불멍을 즐깁니다. 가끔은 성수동의 유명 베이커리를 찾아가 갓 구운 소금빵을 맛보는 작은 사치를 누리곤 합니다.","['국립현대미술관 전시 관람', '가평 솔로 캠핑', '경제 팟캐스트 청취', '성수동 빵지순례', '친구들과의 볼링 경기']","구성원 개개인의 강점이 자연스럽게 드러나는 유연한 조직 문화를 설계하고, 숫자로만 증명되는 성과가 아닌 사람 중심의 운영 체계를 구축하는 중간 관리자가 되고 싶어 합니다.",남자,31,미혼,비현역,비친족 동거,다세대주택,4년제 대학교,경영·행정·법,경영 기획 사무원,서울-송파구,서울,대한민국,30대,지하철
8db4475855d645ebbcd6854b3a93c8de,"주준호 씨는 KTX-이음의 제동 장치와 구동부를 정밀하게 점검하며 열차의 안전을 책임지는 고속철 기관차 정비원입니다. 딱딱한 기술 매뉴얼을 현장 상황에 맞춰 유연하게 적용하는 능력이 탁월하며, 훗날 후배들에게 실무 노하우를 체계적으로 전수하는 기능장 자격을 갖춘 현장 관리자가 되기를 꿈꿉니다.",주준호 씨는 숨이 턱 끝까지 차오르는 격렬한 운동보다는 석촌호수 산책길을 천천히 걸으며 생각을 정리하는 시간을 가집니다. 활동적인 스포츠보다는 따뜻한 온탕에 몸을 담그고 근육의 긴장을 푸는 정적인 휴식에서 더 큰 에너지를 얻습니다.,주준호 씨는 대학 시절 전공한 언론학적 시각으로 성수동의 개성 있는 테마 카페들을 관찰하고 그 분위기를 세밀하게 기록해 개인 블로그에 올립니다. 유행하는 대형 전시회보다는 조용한 서점에서 발견한 낯선 작가의 수필집을 읽으며 자신만의 사유에 빠져드는 시간을 즐깁니다.,주준호 씨는 연인이나 친한 친구와 함께 제주도의 한적한 독채 펜션에서 아무것도 하지 않고 멍하게 시간을 보내는 휴양 여행을 떠납니다. 빡빡한 관광 일정표를 짜는 대신 창밖 풍경을 보며 낮잠을 자거나 가벼운 대화를 나누는 느슨한 여행 방식을 선호합니다.,주준호 씨는 주말이면 정갈하게 차려진 일본식 돈카츠나 사케를 곁들인 초밥집을 찾아가 식사를 즐깁니다. 고기 위주의 식단보다는 나물 반찬이 넉넉하게 나오는 한정식집에서 부모님과 함께 든든한 한 끼를 나누는 시간을 소중히 여깁니다.,"주준호 씨는 송파구 아파트에서 부모님을 모시고 살며 집안의 크고 작은 일을 묵묵히 챙기는 다정하고 듬직한 아들입니다. 갈등이 생겨도 특유의 유연함과 배려심으로 분위기를 부드럽게 만들며, 가족이라는 울타리 안에서 정서적 안정감을 얻습니다.","주준호 씨는 철도 정비의 정밀함과 언론학적 감성을 동시에 지닌, 송파구에 거주하는 30대 중반의 여유롭고 원만한 성격의 직장인입니다.","송파구 석촌호수 인근 아파트에서 부모님과 함께 생활하며, 대학 시절 전공한 언론학적 시각으로 주변의 일상을 세밀하게 관찰해 기록하는 습관이 있습니다.","KTX-이음 같은 고속열차의 제동 장치와 구동부를 정밀하게 점검하며, 복잡한 기술 매뉴얼을 현장 상황에 맞춰 유연하게 적용해 정비 효율을 높입니다.","['고속철도 차량 제동 시스템 정비', '기술 매뉴얼 분석 및 현장 적용', '정비 안전 점검 리포트 작성', '현장 작업자 간 의견 조율 및 소통']","성수동의 개성 있는 테마 카페를 찾아다니며 찍은 사진을 블로그에 올리고, 주말 오후에는 동네 사우나에서 땀을 빼며 한 주의 긴장을 털어냅니다.","['성수동 및 한남동 테마 카페 탐방', '일상 및 공간 기록 블로그 운영', '동네 목욕탕 및 사우나 방문', '인문학 및 사회과학 서적 읽기']","철도 차량 정비 분야의 최고 숙련자인 기능장 자격을 취득해, 후배들에게 실무 노하우를 체계적으로 전수하는 현장 관리자가 되고자 합니다.",남자,33,미혼,비현역,부모와 동거,아파트,4년제 대학교,사회과학·언론,고속철 기관차 정비원,서울-송파구,서울,대한민국,30대,지하철
23842f6037cd4a6baa71609f0b4c310f,남재선 씨는 공학적 분석력을 행정 업무에 녹여 국방 자산 관리 명세서를 소수점 하나 틀리지 않게 정리하는 꼼꼼함으로 상사들의 두터운 신임을 받습니다. 현장의 기술적 결함을 정책 보고서에 구체적으로 명시하며 실질적인 시스템 변화를 이끌어내는 전문 행정가로 성장하겠다는 뚜렷한 목표를 갖고 업무에 임합니다.,"남재선 씨는 평일 저녁이면 헬스장에서 땀을 흘리며 육체적 한계에 도전하고, 주말에는 테니스 코트에서 날카로운 서브를 넣으며 일주일간 쌓인 정신적 압박감을 털어냅니다. 운동 후에는 마음 맞는 친구들과 당구 한 게임을 치며 가벼운 농담과 수다를 나누는 시간에서 사회적 활력을 되찾습니다.",남재선 씨는 소란스러운 마음을 가라앉히기 위해 집에서 잔잔한 클래식 음악을 틀어놓고 멍하니 천장을 바라보며 낮잠을 자는 정적인 휴식을 즐깁니다. 퇴근 후 넷플릭스에서 최신 다큐멘터리를 정주행하며 세상의 다양한 관점을 접하는 시간 속에서 지적 호기심을 충족합니다.,남재선 씨는 복잡한 서울 도심을 벗어나 홀로 전라남도 담양의 메타세쿼이아 길을 찾아가 나무 사이로 비치는 햇살을 받으며 조용히 사색에 잠깁니다. 누구의 방해도 받지 않고 오직 자연의 풍경에만 집중하는 단독 여행을 통해 내면의 불안과 예민함을 다스리고 다시 일상으로 돌아갈 힘을 얻습니다.,"남재선 씨는 평소 식단을 엄격히 관리하여 외식은 보름에 한 번 정도로 제한하며, 주로 나물 비빔밥이나 청국장 같은 담백한 한식 메뉴를 선택합니다. 다만 일주일에 한 번 배달 앱으로 주문하는 치킨과 가끔 방문하는 이자카야에서 마시는 시원한 하이볼 한 잔은 절대 포기하지 못하는 유일한 일탈입니다.","남재선 씨는 송파구에서 독립해 혼자 살고 있지만, 주기적으로 본가를 방문해 부모님과 시간을 보내며 가족의 유대감을 확인합니다. 미혼으로서 누리는 자유로운 생활을 만끽하면서도, 때때로 밀려오는 지독한 외로움을 친구들과의 시끌벅적한 모임이나 긴 통화로 채우려 노력합니다.","남재선 씨는 공학적 정밀함으로 무장한 국방 행정 사무원이자, 건강이라는 무거운 숙제를 안고 매일 헬스장과 일터를 오가는 성실하고도 예민한 30대 남성입니다.","송파구 가락동의 아파트에서 혼자 살며, 대학원 시절 밤샘 연구와 공무원 시험 준비 기간의 고단함을 겪어낸 뒤 현재는 정해진 출퇴근 시간이 보장되는 공직 생활의 안정감 속에 머물러 있습니다.","공학적 분석력을 행정 업무에 접목해 복잡한 국방 자산 관리 체계를 수식 하나까지 정밀하게 정리하며, 누락 없는 보고서를 작성해 조직 내에서 일 처리 하나는 확실하다는 평가를 받습니다.","['국방 행정 프로세스 효율화', '공학 데이터 기반 성과 분석', '정밀 행정 매뉴얼 작성', '공공 자원 최적 배분 설계']","평일 저녁엔 헬스장에서 무거운 덤벨을 들며 당뇨 수치를 관리하고, 마음이 소란해질 때면 홀로 전라남도 담양의 메타세쿼이아 길을 찾아 조용히 걷습니다.","['잠실 인근 테니스 클럽 활동', '혼자 떠나는 국내 자연 풍경 출사', '동네 작은 이자카야에서의 지인 모임', '집에서 즐기는 넷플릭스 다큐멘터리 시청']","단순히 주어진 지침을 따르는 것을 넘어, 현장의 기술적 문제점을 정책에 반영해 실질적인 시스템 변화를 이끌어내는 전문 행정가로 인정받고자 합니다.",남자,31,미혼,비현역,혼자 거주,아파트,대학원,공학·제조·건설,국가행정 사무원,서울-송파구,서울,대한민국,30대,도보
f6b1e0db7a0d4555924ef05da807307c,"김재혁 씨는 공학 전공을 살려 미분과 적분이 실제 교량 설계나 기계 작동에 어떻게 적용되는지 구체적인 도면 예시로 설명하는 수학 교사입니다. 학생들의 오답 노트를 훑으며 반복되는 실수 패턴을 정교하게 분석해내는 꼼꼼함이 있지만, 가끔은 자신의 논리에 너무 매몰되어 학생들의 막막함을 간과하는 고집스러운 면이 있습니다.","김재혁 씨는 주말이면 거실 소파에 깊숙이 파묻혀 롯데 자이언츠 경기를 시청하며 소리를 지르거나, 지인들과 강원도 화천의 조용한 저수지에서 찌가 움직이기만을 기다리며 정적 속에 머무는 시간을 갖습니다.",김재혁 씨는 화려한 전시회보다는 가끔 혼자 동네 작은 서점에 들러 건축 관련 잡지를 뒤적이며 정갈한 도면의 선과 면이 주는 시각적 안정감에서 심리적 위안을 얻습니다.,김재혁 씨는 대학 동창들과 함께 충청도 단양의 만천하스카이워크나 강원도 숲길을 찾아가 말없이 풍경을 감상하며 일상의 소란함을 덜어냅니다. 낯선 여행지에서 계획에 없던 돌발 상황이 생기면 당황하며 수첩에 적어온 일정표를 계속 확인하는 버릇이 있습니다.,"김재혁 씨는 금요일 밤이면 단골 치킨집에서 양념치킨을 배달시켜 먹으며 일주일의 보상을 받고, 격주로 한 번씩 송파구 근처의 돼지갈비집에서 지인들과 함께 고기를 굽는 외식을 즐깁니다.","김재혁 씨는 송파구의 조용한 연립주택에서 홀로 지내며 자신만의 규칙적인 생활 리듬을 유지하지만, 가끔 밀려오는 지독한 외로움을 달래려 부모님께 안부 전화를 드려 일상을 공유합니다.","김재혁 씨는 공학적 논리로 수학을 가르치는 꼼꼼한 교사이자, 낚시와 야구 시청으로 예민한 내면을 달래며 송파구에서 소박한 일상을 꾸려가는 서른 살 청년입니다.","송파구의 한적한 연립주택가에서 홀로 지내며, 공학 전공자로서의 논리적 사고방식과 교사라는 직업적 책임감 사이에서 매일의 균형을 맞춥니다. 정적인 일상을 선호하면서도 가끔은 사람들과 어울리는 모임에서 긴장을 풀며, 내면의 예민함을 다스리기 위해 자신만의 규칙적인 생활 리듬을 유지하려 노력합니다.",공학적 배경을 활용해 추상적인 수학 공식이 실제 건축이나 기계 설계에 어떻게 적용되는지 구체적인 사례로 풀어 설명하는 능력이 탁월합니다. 학생들의 오답 패턴을 세밀하게 분석하여 각자에게 필요한 취약 지점을 정확히 짚어내는 꼼꼼한 지도 방식을 가지고 있습니다.,"['실생활 적용 수학 문제 설계', '공학 기반 논리적 설명법', '학생별 취약 패턴 분석', '맞춤형 학습 피드백 제공']","주말이면 친목 모임 사람들과 충청도나 강원도의 조용한 저수지를 찾아 찌를 바라보며 마음의 소란을 잠재우거나, 퇴근 후 동네 단골 사우나에서 뜨거운 물에 몸을 녹이며 일주일의 긴장을 털어냅니다. 야구 시즌에는 거실 소파에 편하게 누워 치킨을 곁들이며 응원 팀의 경기를 관람하는 시간을 가장 아낍니다.","['민물 저수지 낚시', '동네 목욕탕 사우나', 'KBO 리그 경기 관람', '가벼운 뒷산 등산', '동네 고기집 맛집 탐방']","현재의 안정적인 생활을 유지하면서, 학생들이 수학에 느끼는 막연한 거부감을 줄여줄 수 있는 효율적인 교수법을 정립하는 것에 가치를 둡니다. 급격한 성취나 승진보다는 동료와 학생들에게 신뢰받는 전문성 있는 교사로 남는 것을 지향합니다.",남자,30,미혼,비현역,혼자 거주,연립주택,4년제 대학교,공학·제조·건설,수학 교사,서울-송파구,서울,대한민국,30대,버스
e9d8583f96a04b2389efb4a53e7cf5cc,"정지훈 씨는 건축 구조 도면의 하중을 정밀하게 계산해 설계 결함을 찾아내는 데 능숙한 공학 석사입니다. 현재는 국책 연구소나 공공기관의 채용 공고를 매일 확인하며 안정적인 복귀를 준비하고 있지만, 막상 책임감이 막중한 관리자급 직책의 제안을 받으면 심리적 압박감을 느껴 결정을 미루는 습관이 있습니다.",정지훈 씨는 매주 화요일 저녁 송파구 구립 배드민턴장에서 동호회 회원들과 셔틀콕을 주고받으며 땀을 흘립니다. 주말에는 관악산이나 청계산의 익숙한 등산 코스를 천천히 오르며 복잡한 생각들을 정리하는 시간을 가집니다.,정지훈 씨는 집 근처 가죽 공방에서 한 땀 한 땀 바느질을 하며 카드 지갑이나 키홀더를 만드는 작업에 몰두합니다. 조용한 음악을 틀어놓고 가죽의 질감을 느끼는 시간 동안은 취업에 대한 불안감을 잊고 무념무상의 상태에 빠져듭니다.,정지훈 씨는 부모님을 모시고 제주도나 강원도 양양의 조용한 리조트로 떠나 아무런 계획 없이 누워 있는 휴양 여행을 즐깁니다. 낯선 곳에서의 모험보다는 가족과 함께 검증된 호텔 조식을 먹고 주변 산책로를 걷는 단순한 일정을 그대로 따릅니다.,"정지훈 씨는 퇴근길 직장인들이 붐비는 저녁 시간, 동네 삼겹살집에서 두툼한 돼지고기에 소주 한 잔을 곁들이는 외식을 즐깁니다. 가끔 입맛이 없을 때는 집 근처 중식당에서 짬뽕과 탕수육을 주문해 먹으며, 배달 앱보다는 단골 식당을 직접 방문해 식사합니다.","정지훈 씨는 혼자 거주하고 있지만 주말이면 부모님 댁을 찾아가 함께 식사하며 다정한 시간을 보냅니다. 예의를 중시하는 가풍 속에서 자라 부모님께는 늘 살가운 아들이지만, 정작 자신의 진로에 대한 깊은 고민은 털어놓지 못한 채 적당한 웃음으로 넘기곤 합니다.","정지훈 씨는 송파구에 자가를 보유한 건축공학 석사 출신 무직자로, 안정적인 공공기관 취업을 희망하며 가죽 공예와 배드민턴으로 일상의 균형을 잡으려는 30대 중반 남성입니다.","송파구 석촌동의 조용한 다세대 주택가에서 지내며, 대학원 시절까지 이어온 학구적인 분위기와 정적인 생활 습관이 몸에 배어 있습니다. 석촌호수를 따라 걷는 일상적인 산책에서 마음의 안정을 찾으며, 예의와 격식을 중시하는 환경에서 성장해 타인에게 부드러운 인상을 줍니다.",복잡한 건축 구조 도면을 분석해 하중을 계산하고 설계상의 결함을 찾아내는 정밀한 작업에 능숙합니다. 제조 공정의 효율성을 높이기 위한 레이아웃 최적화 설계를 수행할 수 있는 전문 지식을 갖추고 있습니다.,"['구조 해석 및 설계', 'CAD 도면 작성', '제조 공정 최적화', '재료 강도 분석']","매주 화요일 저녁이면 송파구 구립 배드민턴장에서 동호회 사람들과 셔틀콕을 주고받으며 땀을 흘립니다. 주말에는 부모님 댁을 방문해 함께 삼겹살을 구워 먹거나, 집 근처 가죽 공방에서 작은 카드 지갑을 만드는 작업에 몰두하며 잡념을 없앱니다.","['송파구 구립 배드민턴장 경기', '가죽 공예 소품 제작', '석촌호수 주변 산책 및 독서', '가족과 함께하는 외식']","변동성이 적고 업무 체계가 명확한 공공기관이나 국책 연구소의 연구직으로 돌아가 안정적인 일상을 되찾기를 바랍니다. 채용 공고를 꼼꼼히 살피지만, 과도한 책임감이 따르는 직책 앞에서는 망설이며 조심스럽게 접근합니다.",남자,35,미혼,비현역,혼자 거주,다세대주택,대학원,공학·제조·건설,무직,서울-송파구,서울,대한민국,30대,복합수단
eca12823954a4322ac16e8d04d55381d,김재인 씨는 스마트스토어의 상세 페이지 폰트 크기와 이미지 배치 하나하나를 강박적으로 조정하며 구매 전환율을 높이는 데 집착합니다. 엑셀 시트에 재고 수량을 쉼표 하나 틀리지 않게 기입하며 성수동 쇼룸 오픈이라는 꿈을 위해 매일 리빙 소품 시장의 트렌드를 조사합니다.,김재인 씨는 헬스장 같은 정형화된 운동 대신 석촌호수 뒤편의 한적한 주택가 골목을 정처 없이 걷는 것으로 체력을 유지합니다. 주말이면 경주 대릉원의 고분군 사이를 몇 시간이고 천천히 거닐며 하체 근력을 키웁니다.,"김재인 씨는 대학로 소극장에서 상연되는 실험적인 연극의 대사 하나하나를 곱씹으며 일상의 무료함을 달랩니다. 인문학 전공자답게 오래된 책의 종이 질감과 잉크 냄새에 집착하며, 집안 곳곳을 자신의 심미안이 반영된 소품들로 채워 넣습니다.",김재인 씨는 친구들과 함께 부여 정림사지나 경주 불국사 같은 역사 유적지를 찾아가 그곳의 고즈넉한 분위기에 젖어드는 여행을 즐깁니다. 오래된 돌담길이나 이름 없는 비석 앞에 서서 과거의 시간을 상상하며 수첩에 메모를 남깁니다.,"김재인 씨는 2주에 한 번 정도 친구들과 함께 두툼한 삼겹살을 굽는 한식당에서 시끌벅적하게 회식을 합니다. 주 1회 배달 앱으로 마라탕을 시켜 먹으며 넷플릭스를 보는 것이 유일한 낙이며, 금요일 밤에는 송리단길 이자카야에서 명란구이에 하이볼을 곁들입니다.","김재인 씨는 송파구의 작은 다세대 주택에서 혼자 거주하며 독립적인 삶을 꾸려가고 있습니다. 미혼이지만 주변 지인들에게는 다정하고 믿음직한 형이나 오빠 같은 존재로 통하며, 명절이면 혼자 보내는 적적함을 달래려 친구들을 집으로 초대해 보드게임을 합니다.","김재인 씨는 인문학적 감성과 실용적인 상술을 동시에 갖춘 30대 온라인 판매자로, 송파구 골목길의 정취와 역사 유적지의 고요함을 사랑하며 자신만의 리빙 브랜드를 꿈꾸는 완벽주의자입니다.","인문학을 전공하며 텍스트의 힘을 믿었지만, 현재는 송파구의 오래된 다세대 주택 골목에서 현실적인 생존법을 익히며 산다. 석촌호수의 화려한 풍경보다는 그 뒤편 조용한 주택가 골목의 정취를 더 편안하게 느끼는 정서를 가졌다.","스마트스토어의 상품 페이지 구성을 픽셀 단위로 꼼꼼하게 조정하며, 구매 전환율을 높이는 실용적인 상세 페이지 작성에 능숙하다. 엑셀을 활용해 재고 수량과 배송 상태를 빈틈없이 관리하는 체계적인 업무 습관을 갖췄다.","['네이버 스마트스토어 운영 및 관리', '판매 촉진을 위한 상세페이지 카피라이팅', '엑셀 기반의 정밀한 재고 관리', '유연한 고객 응대 및 클레임 해결']","대학로의 소극장 연극을 챙겨보며 일상의 긴장을 풀고, 주말이면 친구들과 함께 경주나 부여의 고분군을 천천히 걷는 역사 산책을 즐긴다. 금요일 밤에는 송리단길의 작은 이자카야에서 하이볼 한 잔을 마시며 일주일의 스트레스를 털어낸다.","['대학로 소극장 연극 관람', '전국 역사 유적지 답사', '송리단길 하이볼 바 방문', '전략 보드게임 모임']","단순히 물건을 떼다 파는 수준을 넘어, 본인의 심미안이 담긴 리빙 소품 브랜드를 런칭해 성수동이나 한남동에 작은 오프라인 쇼룸을 내는 것을 꿈꾼다.",남자,35,미혼,비현역,혼자 거주,다세대주택,4년제 대학교,예술·인문,온라인 쇼핑 판매원,서울-송파구,서울,대한민국,30대,복합수단
2b0baad79e1c4ac286d308916312ab2b,"백승우 씨는 송파구 내 종합사회복지관 입사를 준비하며, 복잡한 정부 지원금 서류를 한 치의 오차 없이 정리하는 정교한 행정 처리 능력을 갖추고 있습니다. 사회복지 실습 시절 사례 관리 일지를 빈틈없이 작성해 지도 교수에게 인정받았으나, 현재는 구직 활동과 가사 분담 사이에서 적절한 균형을 찾지 못해 초조해하는 시간을 보냅니다.","백승우 씨는 주말 밤마다 거실 소파에 파묻혀 프리미어리그 경기를 시청하며 맨체스터 시티의 전술 변화를 분석하고 동생들과 열띤 토론을 벌입니다. 경기 결과에 따라 다음 날 기분이 크게 좌우되는 경향이 있으며, 중요한 경기가 있는 날에는 미리 간식을 준비해두는 치밀함을 보입니다.","백승우 씨는 마음이 답답한 날이면 잔나비의 노래를 이어폰으로 크게 들으며 석촌호수 둘레길의 풍경 속으로 침잠합니다. 서정적인 가사와 멜로디에 깊이 몰입하는 성격이며, 산책 도중 길가에 핀 이름 모를 꽃 사진을 찍어 개인 일기장에 남기는 소소한 습관이 있습니다.",백승우 씨는 명절이나 휴일이 되면 가족들의 손을 잡고 가평 아침고요수목원 같은 조용한 곳을 찾아 나무와 꽃 사이를 천천히 거닙니다. 북적이는 관광지보다는 자연의 정취가 느껴지는 곳에서 가족들과 낮은 목소리로 대화를 나누며 정신적인 에너지를 충전합니다.,"백승우 씨는 2주에 한 번 정도 가족들과 함께 나물 비빔밥이나 청국장 같은 담백한 한식당을 찾아 식사합니다. 한 달에 한 번 배달시키는 떡볶이와 모둠 튀김은 동생들과 나누는 가장 큰 즐거움이며, 가끔 매운맛 단계에 지나치게 집착해 혀를 데이고도 끝까지 다 먹는 고집을 보입니다.","백승우 씨는 미혼 상태로 형제들과 함께 아파트에 거주하며, 집안의 대소사와 행정 업무를 책임지는 가구주로서 든든한 버팀목 역할을 합니다. 평소에는 배려심 깊은 형이지만, 집안 청소 상태가 엉망일 때는 꼼꼼한 성격이 나와 동생들에게 세세한 부분까지 잔소리를 쏟아내곤 합니다.","백승우 씨는 송파구에서 형제들을 이끄는 꼼꼼한 가구주이자, 지역 사회복지 전문가를 꿈꾸며 내실을 다지고 있는 32세 청년입니다.","송파구 잠실 인근 아파트에서 형제들과 함께 살며 집안의 공과금 납부나 행정 업무를 도맡아 처리하는 가구주 역할을 수행합니다. 보건복지를 전공하며 사회적 약자의 삶에 관심을 가졌고, 명절이나 휴일이면 가족들과 함께 근교 수목원을 찾아 조용히 풍경을 감상하며 에너지를 충전합니다.","사회복지 실습 당시 사례 관리 일지를 빈틈없이 작성해 지도 교수에게 꼼꼼함을 인정받았으며, 대상자의 상황에 맞는 복지 서비스를 빠르게 찾아 연결하는 능력이 좋습니다. 복잡한 정부 지원금 신청 서류의 요건을 정확히 분석해 누락 없이 접수하는 행정 처리 역량을 갖추고 있습니다.","['사회복지 사례 관리 및 기록', '정부 지원금 신청 서류 분석 및 작성', '대상자 맞춤형 복지 서비스 매칭', '복지 행정 문서 체계화']","주말 저녁이면 거실에 모여 프리미어리그 경기를 시청하며 선수들의 움직임과 전술에 대해 이야기를 나누고, 마음이 답답할 때는 석촌호수 둘레길을 천천히 걸으며 잔나비의 노래를 듣습니다. 가끔 동생들과 함께 동네 분식집에서 떡볶이와 튀김을 나눠 먹으며 소소한 대화를 나누는 시간을 보냅니다.","['프리미어리그 경기 시청 및 전술 분석', '석촌호수 둘레길 산책', '잔나비 음악 감상', '동네 분식집 탐방']",거주지 인근의 종합사회복지관이나 구청 복지과에 입사하여 지역 주민들의 실질적인 생활 불편을 해소하는 체계적인 복지 프로그램을 운영하고자 합니다. 조직 내에서 성실함과 책임감을 인정받으며 동료들이 믿고 업무를 맡길 수 있는 숙련된 사회복지 전문가로 성장하는 것이 목표입니다.,남자,32,미혼,비현역,형제자매와 동거 (가구주),아파트,4년제 대학교,보건·복지,무직,서울-송파구,서울,대한민국,30대,자전거
cee5eb31aafc4218a234634975ae7ef2,"제창하 씨는 네이버 스마트스토어와 쿠팡의 유입 키워드를 매일 분석하며, 고객의 까다로운 문의에도 끝까지 친절하게 응대해 구매 확정률을 높이는 꼼꼼한 운영자입니다. 최근에는 생활 잡화 카테고리를 세분화해 리스크를 줄이면서 순수익을 올리는 내실 경영에 집중하고 있습니다.","제창하 씨는 주말마다 잠실 종합운동장 근처 코트에서 친구들과 땀 흘리며 농구를 즐기고, 가끔은 스쿼시나 테니스로 빠르게 움직이며 일상의 답답함을 해소합니다. 운동 후에는 함께 땀 흘린 동료들과 시원한 이온 음료를 마시며 가벼운 담소를 나누는 시간을 소중히 여깁니다.","제창하 씨는 저녁 시간이 되면 유튜브나 넷플릭스로 최신 트렌드 영상을 찾아보고, 취향에 맞는 음악을 배경 삼아 집 근처를 천천히 산책하며 생각을 정리합니다. 화려한 예술 작품보다는 일상에서 쉽게 접할 수 있는 영상 콘텐츠와 음악을 통해 정서적 위안을 얻습니다.","제창하 씨는 남한산성 둘레길의 울창한 숲과 풍경을 감상하며 걷는 삼림욕을 즐기고, 연인이나 친구와 함께 조용한 자연 경관을 찾아 떠나는 여행을 계획합니다. 북적이는 관광지보다는 눈과 마음이 편안해지는 초록색 풍경이 펼쳐진 곳에서 여유를 찾습니다.","제창하 씨는 주 5회 이상 외식을 하며 육즙 가득한 삼겹살이나 정갈한 한식 차림을 즐기고, 가끔은 갓 구운 피자와 버거로 한 끼를 해결합니다. 배달 음식은 주 1회 정도로 제한하며 주로 지인들과 함께 식당에서 직접 마주 앉아 식사하는 시간을 가집니다.","제창하 씨는 송파구 가락동 아파트에서 부모님을 모시고 함께 살며, 부모님의 조언을 경청하고 조화를 이루는 안정적인 가정 분위기를 유지합니다. 부모님께 의지하기보다 스스로의 힘으로 성공해 보답하고 싶다는 책임감을 느끼며 매일 저녁 가족과 함께 식탁에 앉습니다.","제창하 씨는 송파구에서 온라인 쇼핑몰을 운영하며 내실 있는 성장과 경제적 독립을 꿈꾸는, 현실적이고 성실한 30대 청년입니다.","송파구 가락동 아파트에서 부모님과 함께 생활하며, 전문대학 졸업 후 빠르게 실무 현장에 뛰어들어 자립 기반을 닦아온 30대 초반의 정서를 가지고 있습니다. 실용적인 가치를 최우선으로 여기며, 화려한 성공보다는 일상의 안정과 가족과의 조화를 중요하게 생각하는 환경에서 성장했습니다.","네이버 스마트스토어와 쿠팡의 판매 지표를 분석해 유입률이 높은 키워드를 찾아내고, 고객의 까다로운 문의에도 차분하고 상세하게 대응하여 높은 구매 확정률을 유지합니다. 상품의 원가 계산부터 배송 효율화까지 꼼꼼하게 관리하는 운영 능력이 뛰어납니다.","['이커머스 플랫폼 판매 데이터 분석', '효율적인 재고 관리 및 발주 최적화', '고객 만족도를 높이는 세밀한 CS 응대', '시장 트렌드 기반의 상품 소싱']","주말이면 친구들과 잠실 종합운동장 근처 코트에서 땀 흘리며 농구를 하고, 평소에는 올리브영에 들러 남성용 기초 화장품의 성분과 후기를 꼼꼼히 살펴봅니다. 답답함이 느껴질 때는 남한산성 둘레길을 천천히 걸으며 풍경을 감상하고, 저녁에는 육즙이 풍부한 삼겹살집에서 지인들과 술잔을 기울이며 긴장을 풉니다.","['잠실 인근 야외 농구 경기', '남성 스킨케어 제품 탐색 및 관리', '남한산성 숲길 산책과 자연 감상', '동네 삼겹살 맛집 탐방', '최신 팝송 플레이리스트 수집']","현재 취급하는 품목의 카테고리를 생활 밀착형 잡화로 세분화하여 월 순수익을 안정적으로 높이고자 합니다. 무리한 사업 확장보다는 리스크를 최소화하며 내실 있게 성장해, 부모님께 의지하지 않고 온전히 스스로의 힘으로 경제적 독립을 완성하는 것을 목표로 합니다.",남자,30,미혼,비현역,부모와 동거,아파트,2~3년제 전문대학,해당없음,온라인 쇼핑 판매원,서울-송파구,서울,대한민국,30대,기타
1efd2cdff11e4fb9834fbfb03f6f7d97,"박은우 씨는 전문직 서비스업체에서 분기별 부가가치세 신고와 지출 증빙을 한 치의 오차 없이 처리하며, 경영학 전공 지식을 활용해 회사의 현금 흐름을 분석하고 구체적인 비용 절감 방안을 제안하는 꼼꼼한 경리 사무원입니다. 다만 완벽주의 성향 탓에 작은 숫자 하나만 틀려도 스스로를 심하게 몰아세우는 예민함이 있으며, 향후 법무와 회계가 결합된 컴플라이언스 전문가로 성장해 조직의 리스크를 관리하는 대체 불가능한 관리자가 되겠다는 야심을 품고 있습니다.","박은우 씨는 격렬한 운동보다는 가족들과 함께 강원도 평창의 울창한 숲길을 천천히 걸으며 나무 냄새를 맡는 정적인 활동으로 에너지를 충전합니다. 평소에는 움직임이 적은 사무직 생활과 육아로 인해 기초 체력이 많이 떨어진 상태이며, 건강을 위해 운동해야 한다는 강박은 늘 가지고 있지만 실제로는 집 근처 석촌호수를 가볍게 산책하는 것이 활동의 전부입니다.","박은우 씨는 퇴근길에 심리학 팟캐스트를 들으며 복잡한 마음을 정리하고, 아이의 손을 잡고 동네 작은 도서관에서 조용히 책장을 넘기는 시간을 통해 정서적 안정을 찾습니다. 정돈된 분위기의 음악을 즐기며 일상의 소음을 지우려 노력하지만, 가끔은 게임 속 가상 세계에 몰입하며 현실의 책임감과 육아의 고단함에서 완전히 벗어나는 탈출구를 찾습니다.","박은우 씨는 가족과 함께 떠나는 여행에서 화려한 관광지보다는 자연의 풍경이 그대로 살아있는 곳을 찾아다니며 마음의 평온을 얻습니다. 특히 평창의 고요한 숲속에서 아무런 소음 없이 걷는 시간을 가장 좋아하며, 여행 계획을 세울 때도 방문할 장소의 동선과 예산을 엑셀 파일로 꼼꼼하게 정리하는 직업병 섞인 습관을 보입니다.","박은우 씨는 일주일에 한 번 외식을 할 때 고기류보다는 깔끔한 나물 비빔밥이나 정갈한 한정식을 선택하며, 식후에는 겉바속촉한 소금빵을 곁들이는 코스를 즐깁니다. 배달 음식은 한 달에 한 번 정도로 엄격하게 제한하려 노력하지만, 육아에 지쳐 손가락 하나 까딱하기 싫은 날에는 결국 배달 앱을 켜고 평소 눈여겨본 맛집의 메뉴를 주문합니다.","박은우 씨는 송파구 석촌호수 인근에서 배우자, 아이와 함께 단란한 가정을 꾸리고 있으며, 아이의 정서 발달을 위해 함께 도서관을 찾는 다정한 엄마의 모습을 보입니다. 하지만 책임감이 강한 성격 탓에 집안일과 업무, 육아의 균형을 완벽하게 맞추려다 보니 정작 본인의 감정은 뒷전으로 밀려나 가끔 이유 없는 우울감과 무력감에 빠지기도 합니다.","박은우 씨는 송파구에 거주하며 전문직 업체 경리로 근무하는 35세 여성으로, 꼼꼼한 업무 능력과 컴플라이언스 전문가를 향한 야망, 그리고 가족과 빵집 투어를 즐기는 소박한 일상을 동시에 가진 인물입니다.","송파구 석촌호수 인근의 정돈된 분위기 속에서 일상을 보내며, 퇴근 후에는 아이와 함께 동네 작은 도서관을 들르는 소소한 습관이 있습니다. 전문직 서비스업체에서 근무하며 겪는 긴장감과 육아의 고단함 사이에서 오는 심리적 소모를 다독이기 위해 심리학 팟캐스트를 즐겨 듣습니다.",복잡하게 얽힌 지출 증빙 자료를 빠르게 분류하고 분기별 부가가치세 신고 업무를 오차 없이 처리하는 꼼꼼함을 갖췄습니다. 경영학 전공 지식을 활용해 단순 기입을 넘어 회사의 현금 흐름을 분석하고 효율적인 비용 절감 방안을 제안합니다.,"['분기별 부가가치세 및 원천세 신고', '기업 현금 흐름 분석 및 비용 관리', '법인 카드 정산 및 지출 증빙 검토', 'ERP 시스템을 활용한 회계 데이터 관리']",주말이면 송리단길의 숨은 빵집을 찾아다니며 겉바속촉한 소금빵이나 천연 발효종 사워도우를 고르는 시간에 몰입합니다. 가끔 마음이 불안해질 때는 가족들과 함께 강원도 평창의 숲길을 걸으며 아무런 소음 없이 나무 냄새를 맡는 것으로 에너지를 충전합니다.,"['송리단길 베이커리 투어', '심리 상담 및 마인드풀니스 팟캐스트 청취', '가족과 함께하는 숲캉스 및 자연 풍경 사진 촬영', '정교한 컨트롤이 필요한 모바일 퍼즐 게임']",반복되는 경리 업무에서 벗어나 기업 법무와 회계가 결합된 컴플라이언스 전문가로 성장해 조직의 리스크를 관리하는 역할을 맡고 싶어 합니다. 실무 경험에 전문 자격증을 더해 대체 불가능한 관리자로 인정받는 것을 목표로 합니다.,여자,35,배우자있음,비현역,배우자·자녀와 거주,주택 이외의 거처,4년제 대학교,경영·행정·법,경리 사무원,서울-송파구,서울,대한민국,30대,자차
de9bba80bd8d45b6aa38d73eb30f79c9,"강정하 씨는 대학원에서 법과 경영을 전공하며 날카로운 분석력을 길렀으나, 지금은 정해진 출근 시간 없는 무직 상태로 지내며 자신만의 아트 컨설팅 사무실을 차릴 구상을 하고 있습니다. 복잡한 계약서의 허점을 빠르게 찾아내는 습관이 있어 가끔은 배우자의 사소한 말실수까지 논리적으로 파헤쳐 집안 분위기를 싸하게 만들곤 합니다.","강정하 씨는 해 질 녘 올림픽공원의 붉은 노을을 배경으로 숨이 턱 끝까지 차오를 때까지 달리며 머릿속의 복잡한 생각들을 강제로 비워냅니다. 러닝 크루에 가입해 사람들과 어울리는 것을 좋아하며, 기록 단축에는 큰 관심이 없고 운동 후 함께 갈 분위기 좋은 카페를 찾는 데 더 진심입니다.",강정하 씨는 이름 모를 신진 작가의 전시회를 찾아다니며 작품의 배치와 조명 하나하나를 분석해 자신만의 큐레이팅 노트를 작성하는 일에 몰두합니다. 평소에는 털털한 성격이지만 예술 작품 앞에서는 지독하리만큼 예민해져서 캔버스의 작은 흠집 하나에도 한참을 서성이는 고집스러운 면이 있습니다.,"강정하 씨는 누군가와 일정을 맞추는 스트레스 없이 홀로 떠나는 쇼핑 여행을 즐기며, 일본의 다이칸야마나 파리의 마레 지구 같은 골목 구석구석에 숨은 편집숍을 찾아다니며 시간을 보냅니다. 여행지에서 산 물건들이 집안 곳곳에 쌓여가며 수납공간이 부족해지는 상황임에도 새로운 영감을 주는 물건을 발견하면 무조건 가방에 넣고 봅니다.","강정하 씨는 일주일에 한 번 외식을 할 때면 고기집을 피해 정갈한 나물 반찬이 나오는 사찰 음식점이나 깔끔한 비빔밥집을 찾으며, 가끔은 쉐이크쉑 버거의 진한 풍미로 스트레스를 풉니다. 2주에 한 번 배달 음식을 시킬 때면 메뉴 결정에만 한 시간을 소비하는 결정 장애 증세를 보이며 결국 늘 먹던 메뉴를 주문하고 맙니다.","강정하 씨는 송파구의 아파트에서 배우자와 함께 생활하며, 겉으로는 다정하고 유연한 아내의 모습을 보이지만 집안 인테리어를 바꿀 때만큼은 자신의 심미적 기준을 강요하며 배우자를 혹독하게 설득합니다. 가끔은 사회적 성취가 없는 현재의 상태에 대해 배우자가 어떻게 생각할지 몰라 괜히 날카롭게 굴다가도 이내 미안함에 고급 디저트를 사다 바칩니다.",강정하 씨는 고학력의 전문 지식을 갖췄으나 현재는 예술적 취향과 내면의 성장을 쫓으며 자신만의 작은 공간을 꿈꾸는 송파구의 자유로운 영혼입니다.,"송파구 석촌호수 인근 아파트에서 거주하며 대학원에서 경영과 법을 공부한 엘리트 코스를 밟았으나, 현재는 사회적 직함보다 개인의 예술적 취향과 내면의 확장을 더 중요하게 여기는 과도기를 지나고 있습니다.","복잡한 법률 조항이나 경영 사례에서 핵심 논리를 빠르게 뽑아내 정리하는 분석력이 탁월하며, 다양한 성향의 사람들이 모인 사교 모임에서 자연스럽게 대화를 이끄는 분위기 메이커 역할을 합니다.","['법률 문서 및 계약서 핵심 요약', '효율적인 모임 기획 및 인원 조율', '비즈니스 전략 분석 및 보고서 작성', '다양한 이해관계자 간의 갈등 중재']","해 질 녘 올림픽공원 산책로를 달리며 잡념을 털어내고, 가끔은 롯데월드몰에서 최신 디자인 소품을 구경하며 혼자만의 시간을 보낸 뒤 지인들과 하이볼 한 잔을 곁들인 수다를 즐깁니다.","['올림픽공원 야간 조깅', '롯데월드몰 윈도우 쇼핑', '인디 밴드 음악 플레이리스트 수집', '전시회 도슨트 투어 참여']",전공을 살린 전형적인 기업 근무보다는 자신의 심미적 안목과 경영 지식을 결합해 작지만 색깔이 뚜렷한 독립 큐레이팅 숍이나 아트 컨설팅 사무실을 여는 것을 꿈꿉니다.,여자,36,배우자있음,비현역,배우자와 거주,아파트,대학원,경영·행정·법,무직,서울-송파구,서울,대한민국,30대,자차
cc2293cdf2d04f61adc9707aca6a744d,"손슬기 씨는 중증 환자의 미세한 숨소리 변화만으로도 위급 상황을 직감하는 예리한 임상 판단력을 발휘하며, 교육학 전공을 살려 복잡한 의료 절차를 환자 눈높이에 맞춰 다정하게 설명합니다. 병원 내 정서적 치유 시스템을 구축해 환자들이 심리적 안정을 찾게 돕는 전문 컨설턴트를 꿈꾸며 매일 치열하게 기록합니다.",손슬기 씨는 격렬한 운동 대신 주말이면 친구들과 함께 탁 트인 교외로 드라이브를 떠나거나 캠핑 의자에 깊숙이 몸을 파묻고 숲을 바라보는 정적인 휴식을 취합니다. 가끔 생각나는 가벼운 산책조차도 결국 맛있는 빵집이나 예쁜 카페를 찾아가는 여정으로 마무리하곤 합니다.,"손슬기 씨는 롯데월드의 화려한 퍼레이드 음악과 조명에 매료되어 어린아이처럼 환호하며, 환자들의 고통을 예술로 승화시키는 미술 치료 프로그램에 깊은 관심을 두고 관련 서적을 탐독합니다. 정해진 틀을 벗어난 새로운 시각의 전시회를 찾아다니며 일상의 무료함을 달래는 상상력이 풍부한 성격입니다.",손슬기 씨는 연인이나 친구들과 함께 해외의 유명 테마파크를 방문해 화려한 볼거리를 즐기며 현실의 압박감을 완전히 잊어버리는 여행 스타일을 가지고 있습니다. 꼼꼼하게 일정을 짜기보다는 그날의 기분에 따라 발길 닿는 대로 움직이며 낯선 도시의 풍경 속에서 정서적 해방감을 만끽합니다.,"손슬기 씨는 퇴근길 송리단길의 육즙 가득한 삼겹살집을 찾아다니는 것이 유일한 낙이며, 바쁜 날에는 집 앞 분식집에서 떡볶이와 김밥을 포장해 간단히 해결합니다. 주 5회 이상 외식을 즐기는 식습관 때문에 체중 관리가 시급하다는 것을 알면서도, 맛있는 음식 앞에서 무너지는 자신을 보며 쓴웃음을 짓습니다.","손슬기 씨는 송파구 아파트에서 동생들과 함께 살며 경제적, 정서적 지주 역할을 수행하는 든든한 누나이자 언니로서 집안의 모든 대소사를 결정합니다. 가족을 향한 애정이 깊어 웬만한 갈등은 스스로 삭이며 양보하지만, 때로는 혼자만의 고요한 시간이 간절해 밤늦게 거실 불을 끄고 멍하니 창밖을 바라봅니다.","손슬기 씨는 송파구에서 동생들을 책임지는 가장이자 전문 간호사로, 교육학적 소양과 예술적 감수성을 결합해 환자의 마음까지 치유하려는 따뜻하고 상상력 풍부한 36세 여성입니다.","송파구의 아파트에서 동생들을 보듬는 실질적인 가장 역할을 하며, 교육학 전공 후 전문 간호사라는 전혀 다른 길을 개척했을 만큼 삶의 외연을 넓히는 데 익숙합니다. 가족을 지탱해야 한다는 책임감과 새로운 세계를 동경하는 예술적 감수성 사이에서 자신만의 독특한 생활 양식을 만들어왔습니다.","중증 환자의 급박한 상태 변화를 빠르게 포착해 대응하는 임상 판단력과, 복잡한 의료 절차를 환자와 보호자가 이해하기 쉽게 풀어서 전달하는 교육적 소통 능력을 동시에 갖췄습니다. 환자가 무심코 던진 말 속에 숨겨진 불안과 정서적 결핍을 예리하게 읽어내어 심리적 안정감을 제공하는 데 능숙합니다.","['고위험 환자 집중 모니터링 및 응급 처치', '환자 눈높이 맞춤형 보건 교육 설계', '다학제간 협력 및 병동 갈등 중재', '정서적 지지를 포함한 심리 상담']","퇴근 후 동료들과 송리단길의 숨은 고깃집을 찾아다니며 스트레스를 풀거나, 주말이면 친구들과 롯데월드에서 화려한 퍼레이드를 보며 일상의 긴장을 내려놓습니다. 가끔은 복잡한 도심을 떠나 캠핑 의자에 기대어 멍하니 풍경을 바라보거나, 뜨끈한 사우나에서 몸을 녹이며 한 주간의 피로를 씻어내는 시간을 갖습니다.","['송리단길 미식 탐방 및 고기 맛집 투어', '테마파크 방문 및 캐릭터 굿즈 수집', '교외 캠핑 및 자연 속 휴식', '현대 미술 전시 관람 및 영감 기록', '고온 사우나와 반신욕을 통한 심신 이완']","단순한 의료 처치를 넘어 예술 치료나 심리 상담을 접목한 환자 회복 프로그램을 기획해, 병원이 주는 압박감 속에서도 환자들이 정서적 치유를 경험하게 만들고 싶어 합니다. 임상 전문성과 교육학적 배경을 결합해 환자 교육 체계를 혁신하는 전문 컨설턴트로 성장하고자 합니다.",여자,36,미혼,비현역,형제자매와 동거 (가구주),아파트,대학원,교육,전문 간호사,서울-송파구,서울,대한민국,30대,지하철
8b599a1b1abc46308babd32cbd3a1c97,주성혜 씨는 송파구 내 종합사회복지관에서 어르신들의 말벗이 되어드리는 파트타임 자리를 알아보고 있습니다. 전공 시절 익힌 사례 관리 능력을 활용해 복잡한 서류를 오차 없이 정리하며 주변의 신뢰를 얻습니다.,"주성혜 씨는 주말마다 남편의 손을 잡고 남한산성 둘레길의 흙길을 천천히 밟으며 숨을 고릅니다. 평소에는 활동량이 적어 쉽게 지치지만, 석촌호수의 벚꽃길을 따라 걷는 산책만큼은 거르지 않고 수행합니다.",주성혜 씨는 방 안의 조명을 낮춘 채 루시드폴의 잔잔한 노래를 틀어놓고 멍하게 시간을 보내는 것을 즐깁니다. 최신 유행하는 드라마보다는 이미 여러 번 본 오래된 멜로 영화를 다시 보며 마음의 안정감을 찾습니다.,"주성혜 씨는 친구들과 함께 전주 한옥마을의 비빔밥 거리나 강릉의 초당 순두부 마을을 찾아다니며 지역 특색이 담긴 음식을 맛보는 여행을 떠납니다. 유명한 맛집의 긴 줄을 견디는 것보다, 현지인이 추천하는 숨은 골목 식당을 찾아낼 때 큰 성취감을 느낍니다.",주성혜 씨는 보름에 한 번 정도 석촌호수 인근의 정갈한 일식집에서 가이세키 요리를 즐기며 대접받는 기분을 만끽합니다. 평소에는 가락시장 근처 단골 고깃집에서 지글지글 익어가는 삼겹살에 소주 한 잔을 곁들이며 남편과 시시콜콜한 이야기를 나눕니다.,"주성혜 씨는 남편과 함께 가락동의 조용한 아파트에서 서로의 일상을 공유하며 소박한 행복을 가꾸어 갑니다. 가끔 사소한 오해로 예민해져 밤잠을 설치기도 하지만, 다음 날 아침 정성스럽게 내린 따뜻한 보리차 한 잔을 나누며 서운함을 털어냅니다.",주성혜 씨는 송파구에 거주하며 보건복지 전공 지식을 바탕으로 지역 사회 복귀를 준비하는 34세의 세심한 전업주부입니다.,"주성혜는 송파구 가락동의 조용한 아파트 단지에서 생활하며, 보건복지 전공 시절부터 다져온 타인에 대한 배려가 몸에 배어 있습니다. 주말이면 남편과 함께 가락시장 인근의 오래된 단골 식당에서 식사를 하며 소소한 안정을 찾고, 가끔 작은 일에도 예민하게 반응해 밤잠을 설치기도 하지만 다음 날 아침 따뜻한 차 한 잔으로 빠르게 마음을 다잡곤 합니다.",사례 관리와 상담 실습을 통해 상대의 숨은 의도를 빠르게 파악하고 갈등을 부드럽게 중재하는 능력이 탁월합니다. 복잡한 서류 절차를 꼼꼼하게 정리하여 누락 없이 처리하는 행정적 세심함과 정확성을 갖추고 있습니다.,"['사례 관리 및 심층 상담', '사회복지 행정 서류 작성', '갈등 중재 및 관계 조정', '보건 복지 체계 안내']","주말이면 남편과 남한산성 둘레길을 천천히 걷고, 가끔은 석촌호수 근처의 일식집에서 정갈한 가이세키 요리를 즐깁니다. 평소에는 유튜브에서 피부 관리법 영상을 찾아보며 집에서 팩을 붙인 채 잔잔한 인디 음악을 듣는 시간을 소중히 여깁니다.","['남한산성 둘레길 산책', '석촌호수 인근 일식 맛집 탐방', '홈케어 피부 관리', '인디 음악 감상', '지역 주민 소모임 참여']","현재는 가사와 휴식에 집중하고 있지만, 집 근처 종합사회복지관에서 파트타임으로 근무하며 지역 사회 어르신들의 말벗이 되어드리는 삶을 준비하고 있습니다. 급격한 환경 변화보다는 익숙한 동네에서 자신의 쓰임새를 찾는 안정적인 사회 복귀를 희망합니다.",여자,34,배우자있음,비현역,배우자와 거주,아파트,4년제 대학교,보건·복지,무직,서울-송파구,서울,대한민국,30대,지하철
0896aedbd7bd4106910189dd3939a1c1,"김은송 씨는 라이노와 매트릭스 같은 3D 모델링 프로그램을 활용해 0.1밀리미터의 오차도 허용하지 않는 정교한 도안을 설계하는 액세서리 디자이너입니다. 김은송 씨는 정보통신기술 전공자의 논리적인 사고를 바탕으로 인체공학적 착용감을 구현하며, 자신의 이름이 걸린 시그니처 브랜드 런칭이라는 목표를 위해 매일 도안 수정에 몰두합니다.",김은송 씨는 격렬한 운동보다는 남편의 손을 잡고 석촌호수 산책로를 천천히 걷으며 계절의 변화를 느끼는 시간을 즐깁니다. 김은송 씨는 땀 흘리는 운동에 서툴러 헬스장 회원권을 끊어놓고도 며칠 가지 않아 유령 회원이 되는 일을 몇 번이나 반복했습니다.,"김은송 씨는 롯데시네마 월드타워점에서 최신 개봉작을 관람하며 시각적 영감을 얻고, 주말 밤에는 집에서 낡은 흑백 고전 영화를 찾아보며 정서적인 휴식을 취합니다. 김은송 씨는 영화 속 인물이 착용한 장신구의 형태나 시대적 배경이 드러나는 소품의 디테일을 수첩에 꼼꼼하게 기록하는 버릇이 있습니다.",김은송 씨는 배우자나 친한 친구와 함께 경주 불국사나 부여 낙화암 같은 고즈넉한 역사 유적지를 찾아다니며 오래된 건축물의 선과 문양을 관찰합니다. 김은송 씨는 화려한 관광 도시의 랜드마크보다는 시간이 멈춘 듯한 분위기의 사찰이나 박물관에서 시간을 보내며 디자인 아이디어를 구상합니다.,"김은송 씨는 2주에 한 번 정도 외식을 하며 정갈한 일본식 돈카츠나 나물 중심의 한정식을 즐겨 먹습니다. 김은송 씨는 배달 음식의 자극적인 맛보다는 식재료 본연의 맛이 살아있는 깔끔한 상차림을 선호하며, 식사 시간만큼은 스마트폰을 내려놓고 음식의 색감과 모양을 음미합니다.","김은송 씨는 송파구 가락동 아파트에서 다정한 남편과 함께 살며 서로의 커리어를 지지해 주는 안정적인 결혼 생활을 유지하고 있습니다. 김은송 씨는 남편에게 정서적으로 많이 의지하지만, 집안의 물건 배치나 정리 정돈 상태에 대해서는 자신의 체계적인 기준을 고집하며 꼼꼼하게 챙깁니다.",김은송 씨는 공학적 정밀함과 예술적 감성을 결합해 액세서리를 디자인하는 송파구 거주 33세 직장인입니다.,"송파구 가락동 아파트에서 배우자와 함께 살며, 공학적인 사고방식과 예술적 감각을 조율하며 살아갑니다. 정보통신기술을 전공한 이력 덕분에 정밀한 수치와 논리를 중시하면서도, 석촌호수를 산책하며 느끼는 계절의 변화 같은 정서적인 디테일을 놓치지 않으려 합니다.",라이노와 매트릭스 같은 3D 모델링 프로그램을 능숙하게 다뤄 0.1mm 단위의 오차까지 잡아내는 정교한 액세서리 도안을 설계합니다. 금속 공예의 기초 공정과 최신 3D 프린팅 기법을 결합해 아이디어를 빠르게 실물 샘플로 구현하는 능력이 탁월합니다.,"['라이노 3D 모델링', '정밀 렌더링', '금속 소재 선정 및 가공', '3D 프린팅 시제품 제작']","주말이면 남편과 함께 경주 불국사나 부여 낙화암 같은 고즈넉한 유적지를 찾아다니며 오래된 건축물의 선과 문양에서 디자인 영감을 얻습니다. 퇴근 후에는 롯데시네마 월드타워점에서 최신 영화를 관람하거나, 집에서 고전 영화를 찾아보며 정서적인 환기를 합니다.","['경주 및 부여 유적지 답사', '고전 영화 감상', '국립중앙박물관 전시 관람', '일식 오마카세 맛집 탐방']","자신의 이름이 걸린 시그니처 라인을 런칭해 브랜드의 정체성을 확고히 다지고 싶어 합니다. 단순히 외형이 예쁜 장신구를 넘어, 사용자의 착용감과 움직임까지 고려한 인체공학적 설계를 완성해 업계에서 독보적인 전문성을 인정받고자 합니다.",여자,33,배우자있음,비현역,배우자와 거주,아파트,4년제 대학교,정보통신기술,액세서리 디자이너,서울-송파구,서울,대한민국,30대,지하철
cf8bf313cdb148e4853c1d76f7a7ecea,"김계현 씨는 세 세대의 식단과 병원 예약, 약 복용 시간을 톱니바퀴처럼 맞물리게 관리하는 집안의 실질적인 운영자입니다. 자녀가 초등학교에 입학해 손이 덜 가게 되는 시점에 맞춰, 그동안 쌓아온 살림 노하우를 바탕으로 동네에서 소규모 정리 수납 서비스를 시작해 소소한 성취감을 얻으려는 계획을 세우고 있습니다.","김계현 씨는 평일 오전 송파구민체육센터에서 셔틀콕을 강하게 내리치며 육아의 답답함을 날려버리는 배드민턴 활동에 몰입합니다. 가끔 거실에서 아이와 함께 줄넘기를 하며 땀을 흘리기도 하지만, 금방 숨이 차오르면 금세 포기하고 소파에 기대어 쉬는 버릇이 있습니다.",김계현 씨는 화려한 현대 미술보다는 오래된 고분의 고요한 곡선과 세월이 묻어나는 돌담길이 주는 정서적 안정감을 즐깁니다. 집안의 물건들을 색깔별로 맞추거나 각을 잡아 배치하는 정리 정돈 과정에서 자신만의 심미적 만족감을 느낍니다.,김계현 씨는 남편과 함께 경주 대릉원의 고분군이나 부여의 정림사지 오층석탑 같은 역사 유적지를 천천히 걸으며 복잡한 마음을 정리합니다. 북적이는 관광지보다는 고요한 분위기가 흐르는 장소를 찾아가 그 시대의 이야기에 귀를 기울이며 일상의 소란함을 잠시 잊습니다.,"김계현 씨는 2주에 한 번 가족들과 함께 동네 갈빗집에서 지글지글 구운 고기를 먹으며 외식의 즐거움을 누립니다. 일주일에 한 번은 아이가 좋아하는 치즈 피자를 배달시켜 먹으며 주방 일에서 잠시 벗어나지만, 쌓여가는 플라스틱 배달 용기를 보며 마음 한구석에 찜찜함을 느낍니다.","김계현 씨는 고집 센 어머니와 천방지축인 어린 자녀 사이에서 말솜씨를 발휘해 갈등을 잠재우는 집안의 정서적 완충제 역할을 합니다. 가족들의 요구사항을 세심하게 챙기느라 정작 자신이 원하는 것은 뒷전으로 미루는 경향이 있으며, 때때로 남편에게 세밀한 잔소리를 쏟아내기도 합니다.","김계현 씨는 송파구의 다세대 주택에서 세 세대를 아우르는 야무진 살림 솜씨를 발휘하며, 소박한 자아실현과 가족의 평화를 유지하는 데 전념하는 30대 주부입니다.","송파구의 조용한 다세대 주택가 골목을 중심으로 생활하며, 어머니와 어린 자녀 사이에서 세대 간의 의견 차이를 조율하는 정서적 완충제 역할을 합니다. 고등학교 졸업 후 일찍이 가정을 꾸려 실질적인 살림 지혜가 깊으며, 동네 이웃들과는 너무 깊지 않게, 하지만 다정하게 인사를 나누는 적당한 거리감의 관계를 유지합니다.","세 세대가 함께 사는 집의 복잡한 식단과 약 복용 시간, 병원 예약 스케줄을 꼼꼼하게 관리하는 가계 운영 능력이 뛰어납니다. 특히 전통시장 상인들과의 능숙한 소통을 통해 한정된 예산 안에서 최상의 식재료를 골라내는 생활 밀착형 구매 감각을 갖추고 있습니다.","['삼세대 맞춤형 식단 구성', '지역 시장 물가 분석 및 장보기', '효율적인 가사 노동 분배', '가계부 기반 지출 최적화']","평일 오전에는 송파구민체육센터에서 배드민턴 셔틀콕을 세게 치며 일주일간 쌓인 육아 스트레스를 털어내고, 가끔 남편과 함께 경주나 부여의 고분군을 천천히 걸으며 고요한 분위기에서 마음을 정리합니다. 마음이 지친 날에는 동네 목욕탕 온탕에 몸을 담그고 멍하니 시간을 보내며 심리적 소모를 회복합니다.","['송파구민체육센터 배드민턴', '경주 및 부여 역사 유적지 산책', '동네 대중목욕탕 온탕 입욕', '집 앞 골목 줄넘기']","자녀가 초등학교에 입학해 손이 덜 가게 되면, 그동안 익힌 살림 노하우를 살려 동네에서 소규모 정리 수납 서비스를 시작해보고 싶어 합니다. 거창한 성공보다는 내 시간을 확보하면서도 소소한 성취감을 얻을 수 있는 일상을 꿈꿉니다.",여자,34,배우자있음,비현역,배우자·자녀·어머니와 거주,다세대주택,고등학교,해당없음,무직,서울-송파구,서울,대한민국,30대,지하철
cf43a0919422449296695538c1d8b358,"박여민 씨는 송파구의 한 유치원에서 아이들의 돌발 행동을 순발력 있게 갈무리하면서도, 복잡한 교육청 행정 서류를 오차 없이 처리하는 꼼꼼한 교사입니다. 학부모 상담 때는 법학 전공자 특유의 논리적인 말투로 교육적 가치를 조목조목 설명해 신뢰를 얻지만, 정작 퇴근길에는 하루 동안 쏟아낸 감정의 잔해 때문에 완전히 방전되어 멍한 표정으로 지하철에 몸을 싣습니다.","박여민 씨는 땀 흘리는 격렬한 운동 대신 따뜻한 물속에서 몸을 녹이는 사우나의 정적인 휴식을 통해 신체적 회복을 꾀합니다. 가끔 친구의 권유로 요가 센터에 등록해 몇 번 출석하지만, 이내 집에서 낮잠을 자는 시간이 훨씬 더 소중하다는 생각에 조용히 회원권을 양도하곤 합니다.","박여민 씨는 퇴근 후 침대에 엎드려 네이버 웹툰의 최신 회차를 정주행하며 현실의 고민을 잠시 잊는 시간을 가장 아낍니다. 가끔은 롯데시네마 월드타워점에서 최신 영화를 관람하며 감성을 충전하고, 영화가 끝난 뒤에는 혼자만의 메모장에 짧은 감상평을 남기며 마음을 정리합니다.","박여민 씨는 경주 대릉원의 거대한 고분군 사이를 천천히 거닐며 오래된 건축물이 주는 정갈한 분위기에 깊이 몰입하는 여행을 즐깁니다. 친구와 함께 부여 낙화암의 풍경을 감상하며 역사 이야기를 나누지만, 정작 여행 계획을 짤 때는 엑셀 표를 만들어 방문 시간과 동선을 분 단위로 정리하는 강박적인 면모를 보입니다.","박여민 씨는 주말 아침 가락시장에서 제철 나물과 싱싱한 생선을 직접 골라 담아오는 소박한 일상의 질서를 유지하는 것을 좋아합니다. 일주일에 한 번은 방이동 먹자골목의 육즙 가득한 삼겹살집이나 분위기 좋은 파스타 가게에서 외식을 하며 기분 전환을 하고, 유독 지친 날에는 배달 앱으로 매콤한 떡볶이를 시켜 먹으며 스트레스를 풉니다.","박여민 씨는 송파구에서 독립해 혼자만의 안락한 공간을 가꾸며 살아가지만, 주말이면 부모님 댁을 방문해 어린 시절처럼 응석을 부리며 가족의 온기를 채웁니다. 다정한 딸로서 가족의 기대를 잘 알고 있기에, 직장에서 겪는 고충이나 정서적 소모감은 가슴 한구석에 묻어둔 채 늘 밝은 모습만 보여주려 노력합니다.","박여민 씨는 법학 전공의 논리함과 유치원 교사의 다정함을 동시에 갖춘 채, 송파구의 내 집에서 소박한 일상의 질서와 정적인 휴식을 가꾸며 살아가는 32세 직장인입니다.","석촌호수 인근의 다세대 주택에서 혼자 살며, 법학 전공 후 유치원 교사로 전향한 이력 덕분에 학부모 상담 시 논리적이고 명확하게 상황을 전달하는 습관이 있습니다. 주말이면 가락시장에서 제철 식재료를 직접 골라 오며 소박한 일상의 질서를 유지하는 데서 편안함을 느낍니다.","아이들의 돌발 행동을 빠르게 갈무리하는 순발력과 함께, 복잡한 원내 행정 서류를 오차 없이 처리하는 꼼꼼함을 갖췄습니다. 학부모와의 갈등 상황에서 교육적 가치와 현실적인 기준을 적절히 섞어 설득력 있게 중재하는 능력이 탁월합니다.","['학부모 상담 및 갈등 중재', '유아 맞춤형 교육 과정 설계', '원내 행정 및 회계 관리', '아동 행동 관찰 및 기록']","퇴근 후 집 근처 사우나에서 땀을 빼며 하루의 감정 소모를 씻어내거나, 침대에 누워 웹툰을 정주행하며 멍하게 시간을 보냅니다. 가끔 마음 맞는 친구와 경주나 부여의 고분군을 천천히 걸으며 오래된 건축물이 주는 정갈한 분위기에 몰입하는 여행을 즐깁니다.","['동네 사우나 정기 이용', '국내 역사 유적지 답사', '일상 장르 웹툰 감상', '친구들과의 소규모 수다 모임']",아이들의 정서 발달에 실질적인 도움이 되는 놀이 커리큘럼을 완성해 동료 교사들과 공유하는 성취감을 맛보고 싶어 합니다. 장기적으로는 자신의 교육 철학을 녹여낸 작은 창의 놀이 센터를 직접 운영하며 전문성을 인정받는 삶을 꿈꿉니다.,여자,32,미혼,비현역,혼자 거주,다세대주택,4년제 대학교,경영·행정·법,유치원 교사,서울-송파구,서울,대한민국,30대,도보
25c7541aaccd42eea34706e557d8a18f,"김은희 씨는 숏폼 영상의 빠른 호흡을 정확히 읽어내어 브랜드의 핵심을 단숨에 각인시키는 감각적인 콘티를 짭니다. 협력사와의 조율 과정에서는 부드러운 태도로 합의점을 찾아내지만, 세부 일정표를 꼼꼼히 챙기지 않아 마감 직전에 팀원들에게 일정을 재확인받는 버릇이 있습니다.",김은희 씨는 주말마다 석촌호수 둘레길을 따라 천천히 걸으며 머릿속의 복잡한 생각들을 정리합니다. 헬스장에서는 무거운 무게를 치는 웨이트 트레이닝 대신 필라테스 기구를 활용한 정교한 몸의 정렬과 스트레칭에 몰입합니다.,김은희 씨는 리움미술관의 전시실을 거닐며 작품의 구도와 여백이 주는 조형미를 분석하는 시간을 즐깁니다. 일상 속에서도 무심코 지나치는 거리의 간판이나 카페의 의자 배치에서 미학적 영감을 얻어 스마트폰 메모장에 꼼꼼히 기록합니다.,김은희 씨는 친구들과 함께 제주도 곶자왈의 울창한 숲길을 걷거나 강원도 평창의 깊은 산속 숙소에서 창밖 풍경을 멍하니 바라보는 여행을 떠납니다. 촘촘한 여행 계획표를 짜기보다는 발길 닿는 대로 움직이며 마주치는 자연의 색감을 사진으로 남깁니다.,김은희 씨는 가끔 분위기 좋은 이탈리안 레스토랑에서 트러플 오일 파스타와 샐러드를 곁들이는 외식을 즐깁니다. 평소에는 배달 앱으로 정갈한 나물 비빔밥이나 생선구이 정식을 시켜 부모님과 함께 건강한 한 끼를 나눕니다.,"김은희 씨는 송파구의 아파트에서 부모님과 함께 거주하며 저녁 식사 후 거실에 모여 소소한 일상을 공유합니다. 독립하고 싶은 마음이 문득 들 때도 있지만, 부모님의 세심한 보살핌과 집안의 온기가 주는 정서적 안정감을 소중히 여깁니다.","김은희 씨는 미학적 감각과 실용적 태도를 겸비한 광고 전문가로, 자연 속의 휴식과 예술적 영감을 통해 삶의 균형을 찾는 30대 여성입니다.","송파구 석촌호수 근처 아파트에서 부모님과 함께 지내며, 대학원에서 미학을 전공해 일상의 사소한 소품에서도 조형미를 찾아내고 분석하는 습관이 있습니다.","최신 유행하는 짧은 영상 트렌드를 빠르게 파악해 브랜드의 핵심 메시지를 감각적인 콘티로 짜내며, 협력 업체와의 조율 과정에서 상대의 요구사항을 유연하게 반영해 합의점을 도출합니다.","['숏폼 콘텐츠 트렌드 분석', '브랜드 비주얼 스토리보드 작성', '유연한 협업 및 커뮤니케이션', '전시 기획 기반의 공간 브랜딩']","주말이면 리움미술관의 전시를 관람하고 석촌호수 길을 따라 천천히 산책하며, 가끔 친구들과 함께 제주도 곶자왈이나 강원도 평창의 숲속 숙소를 찾아 풍경을 감상합니다.","['리움미술관 전시 관람', '석촌호수 둘레길 산책', '헬스장 개인 트레이닝', '넷플릭스 다큐멘터리 시청', '제주도 숲길 걷기']",복잡한 장기 전략 기획보다는 사람들의 시선을 즉각적으로 끄는 실용적인 캠페인을 성공시켜 업계에서 감각 있는 실무자로 인정받는 것을 목표로 합니다.,여자,30,미혼,비현역,부모와 동거,아파트,대학원,예술·인문,광고 전문가,서울-송파구,서울,대한민국,30대,버스
b779a707a7494d03a8f4ca28e4b082d6,이수정 씨는 건물 구석구석 해충이 숨어들 틈새를 기막히게 찾아내어 약제를 살포하는 현장 베테랑입니다. 이수정 씨는 작업 후 제출해야 할 결과 보고서의 오타를 그대로 둔 채 제출하고는 나중에야 아차 하며 웃어넘기는 덜렁거리는 면이 있습니다.,이수정 씨는 무거운 방역 장비를 메고 건물 계단을 오르내리는 일상적인 움직임으로 기초 체력을 다집니다. 이수정 씨는 주말이면 석촌호수 산책로를 천천히 걸으며 계절마다 변하는 나무의 색깔을 관찰합니다.,이수정 씨는 송리단길의 작은 독립 서점에 들러 내용보다 표지 디자인이 마음에 쏙 드는 시집을 고르는 시간을 아낍니다. 이수정 씨는 정해진 정답이 없는 추상화 전시를 보며 멍하니 자신만의 상상을 펼치는 것을 즐깁니다.,이수정 씨는 베트남 다낭의 리조트 선베드에 누워 아무 생각 없이 파도 소리를 듣는 완전한 휴식을 추구합니다. 이수정 씨는 후쿠오카의 골목길을 정처 없이 걷다가 우연히 발견한 아기자기한 소품샵에서 시간을 보냅니다.,이수정 씨는 집에서 정갈하게 무친 나물 비빔밥을 천천히 씹으며 건강한 한 끼 식사를 즐깁니다. 이수정 씨는 아주 가끔 외식 메뉴로 짭짤한 페퍼로니 피자나 두툼한 수제 버거를 선택해 입맛을 돋웁니다.,이수정 씨는 송파구 아파트에서 남편과 아이들과 함께 북적이며 사람 냄새 나는 따뜻한 가정을 꾸리고 있습니다. 이수정 씨는 아이들에게 정해진 학습 스케줄을 강요하기보다 함께 거실에 누워 엉뚱한 이야기를 나누는 시간을 더 소중히 여깁니다.,"이수정 씨는 송파구에 거주하며 현장 전문성을 갖춘 방역원으로 일하면서도, 예술적 감성과 휴양의 여유를 아는 30대 후반의 여성입니다.","송파구 석촌호수 인근 아파트 단지에서 아이를 키우며, 학위보다는 현장에서 몸으로 익힌 생활 지혜를 믿는 30대 후반의 여성입니다. 정해진 틀에 맞추기보다 그때그때 느껴지는 분위기와 사람 사이의 온기를 중요하게 여기는 성향이 삶 전반에 배어 있습니다.","건물 구조와 해충의 이동 경로를 빠르게 파악해 가장 효율적인 방역 지점을 찾아내며, 다양한 방역 약제의 적정 배합과 살포 기기 운용에 능숙합니다. 다만 작업 후 결과 보고서를 세밀하게 정리하는 문서 작업에서는 다소 느슨한 모습을 보입니다.","['해충 유입 경로 분석', '전문 방역 약제 배합 및 살포', '방역 장비 유지보수', '사업장 위생 안전 관리']","친구들과 다낭이나 후쿠오카 같은 휴양지로 떠나 리조트 선베드에 누워 멍하니 시간을 보내는 것을 즐깁니다. 가끔 동네 작은 독립 서점을 들러 표지가 예쁜 책을 고르거나, 가족들과 함께 정갈한 나물 비빔밥이나 짭짤한 페퍼로니 피자를 먹으며 소소한 행복을 찾습니다.","['동남아 휴양지 리조트 여행', '독립 서점 및 소규모 갤러리 탐방', '나물 위주의 한식 맛집 찾기', '수제 버거 가게 투어']","지금의 안정적인 수입과 생활 수준을 유지하면서, 틈틈이 조경 관리 자격증을 취득해 삭막한 방역 현장에 초록색 생기를 더하는 실내 가드닝 전문가로 조금씩 영역을 넓혀가고 싶어 합니다.",여자,37,배우자있음,비현역,배우자·자녀와 거주,아파트,고등학교,해당없음,방역원,서울-송파구,서울,대한민국,30대,버스
e6df023b32b54214b47d8040a12d69a6,"신정은 씨는 송파구의 한 보습학원에서 원장님이 전적으로 신뢰하는 살림꾼으로, 엑셀 시트에 원비 수납 내역과 강사 급여를 단 10원 한 장의 오차 없이 기입합니다. 최신 회계 프로그램의 복잡함 앞에서는 짜증을 내며 익숙한 수기 메모지에 모든 일정을 빽빽하게 적어두는 고집스러운 습관이 있습니다.",신정은 씨는 격렬한 운동보다는 주말 오후 가락동 인근의 오래된 사우나 탕에 몸을 푹 담그고 땀을 빼는 것으로 일주일의 피로를 씻어냅니다. 유독 피곤한 평일 오후에는 30분 정도의 짧은 낮잠을 통해 빠르게 에너지를 보충하며 정적인 휴식으로 심리적 안정을 찾습니다.,신정은 씨는 잠들기 전 침대에서 태블릿으로 네이버 웹툰의 로맨스 판타지 작품들을 정주행하며 현실의 고단함을 잊는 시간을 가장 아낍니다. 가끔 마음 맞는 친구와 함께 대학로의 소극장 연극을 관람하며 평소 느끼지 못한 낯선 감정에 젖어드는 일을 즐깁니다.,"신정은 씨는 친구들과 함께 전국의 숨은 맛집을 찾아 떠나는 음식 여행을 즐기며, 전주 비빔밥 거리나 강릉의 초당 순두부 마을처럼 지역 특색이 강한 곳을 찾아다닙니다. 여행 계획을 짤 때는 유명 관광지보다는 현지인들이 즐겨 찾는 오래된 식당 리스트를 만드는 데 더 많은 시간을 쏟습니다.","신정은 씨는 정갈한 나물 비빔밥이나 구수한 청국장 찌개가 나오는 한식당을 자주 찾으며, 퇴근 후에는 동네의 조용한 주점에서 가벼운 안주에 술잔을 기울입니다. 일주일에 세 번 정도는 아이들이 좋아하는 치킨이나 떡볶이를 배달시켜 먹으며 식탁 위에서 소소한 행복을 누립니다.","신정은 씨는 송파구의 다세대 주택에서 남편과 아이들을 키우며, 아이들의 성장 단계에 맞춰 학원 시간을 조정하고 챙기는 것을 인생의 최우선 순위로 둡니다. 가족을 향한 사랑이 깊지만, 때로는 집안일과 직장 생활의 병행으로 예민해져 남편에게 뾰족한 말투로 잔소리를 쏟아내기도 합니다.","신정은 씨는 송파구의 실속 있는 자가 주택 거주자이자, 꼼꼼한 성격으로 소규모 학원 살림을 책임지며 가족과 소소한 먹거리의 즐거움을 누리는 30대 후반의 여성입니다.",송파구의 오래된 다세대 주택 밀집 지역에서 생활하며 동네의 작은 골목과 오래된 상점들의 위치를 훤히 꿰고 있습니다. 고등학교 졸업 후 바로 사회생활에 뛰어들어 이론보다는 몸으로 익힌 실무 지식과 눈치 빠른 대처 능력을 갖추게 되었습니다.,"소규모 교육 센터의 원비 수납부터 강사 급여 계산, 비품 구매까지 살림살이 전반을 누락 없이 챙기며 원장님이 전적으로 신뢰하는 운영 지원 능력을 보여줍니다. 복잡한 회계 프로그램보다는 손에 익은 엑셀 서식과 꼼꼼한 메모 습관을 통해 장부의 오차를 잡아내는 데 능숙합니다.","['소규모 사업장 지출 증빙 및 장부 관리', '학원 원비 수납 및 미납금 관리', '학부모 응대 및 교육 일정 조율', '실무 중심의 엑셀 데이터 정리']","주말 오후에는 동네 사우나에서 뜨거운 탕에 몸을 담가 일주일간 쌓인 긴장을 풀고, 잠들기 전 침대에 누워 태블릿으로 최신 웹툰을 정주행하며 스트레스를 해소합니다. 가끔 친한 친구들과 함께 정갈한 나물 비빔밥이나 청국장 전문점을 찾아다니고, 밤에는 조용한 동네 주점에서 맥주 한 잔을 곁들이며 속 깊은 이야기를 나눕니다.","['최신 웹툰 및 전자책 읽기', '동네 목욕탕 및 사우나 방문', '나물과 된장 중심의 한식 맛집 탐방', '친한 지인들과의 소규모 술자리']","현재의 직장에서 큰 갈등 없이 원만한 관계를 유지하며 오래 일하는 것을 중요하게 생각하며, 아이들이 성장함에 따라 업무 시간을 유연하게 조정할 수 있는 환경을 유지하고 싶어 합니다. 마음 한편으로는 전산회계 자격증을 취득해 사무원으로서의 전문성을 조금 더 보완하고 싶다는 생각을 가지고 있습니다.",여자,39,배우자있음,비현역,배우자·자녀와 거주,다세대주택,고등학교,해당없음,경리 사무원,서울-송파구,서울,대한민국,30대,복합수단
3e5e00dcc8e64defa5df8ed22a0201ff,"문유선 씨는 보험사 웹사이트의 메인 배너를 교체하고 링크 오류를 잡아내는 운영 업무를 수행하며, 현업 부서의 까다로운 요구사항을 개발자가 이해하기 쉬운 작업 지시서로 명확하게 다듬어 전달합니다. 문유선 씨는 단순 운영 업무에 안주하지 않고 고객이 보험금 청구 과정을 더 직관적으로 느낄 수 있게 만드는 서비스 기획자가 되기 위해 최신 사용자 경험 사례들을 수집하며 역량을 키우고 있습니다.",문유선 씨는 격렬한 운동보다는 한 달에 한 번 부모님과 함께 강원도 평창의 숲길을 천천히 걷는 정적인 활동을 통해 심신을 안정시킵니다. 문유선 씨는 주말이면 가벼운 운동화를 신고 동네 산책로를 돌며 복잡한 머릿속을 정리하고 일상의 긴장을 해소합니다.,"문유선 씨는 금요일 밤이면 친구들을 이끌고 코인 노래방으로 향해 최신 아이돌의 댄스곡을 열창하며 쌓인 업무 스트레스를 한꺼번에 발산합니다. 문유선 씨는 평소에도 유행하는 가요나 팝송을 즐겨 들으며, 활기찬 음악 리듬에 맞춰 몸을 움직일 때 가장 큰 에너지를 얻는 외향적인 성향을 보입니다.",문유선 씨는 화려한 도시 관광보다는 부모님과 함께 떠나는 강원도 평창의 자연 풍경 감상을 통해 정서적인 휴식을 취합니다. 문유선 씨는 숲속의 짙은 녹음과 맑은 공기를 마시는 시간을 통해 직장 생활에서 오는 압박감을 덜어내고 마음의 평온을 되찾습니다.,"문유선 씨는 2주에 한 번쯤 동료들과 함께 지글지글 구운 삼겹살에 소주 한 잔을 곁들이는 외식을 즐깁니다. 문유선 씨는 일주일에 한 번 배달 앱으로 간편하게 끼니를 해결하며, 특히 갓 구운 소금빵의 고소한 풍미를 찾아다니는 빵지순례에 진심인 편입니다.","문유선 씨는 미혼으로 혼자 거주하고 있지만 부모님과 정서적으로 매우 밀착되어 있으며, 정기적으로 강원도 여행을 함께 떠날 만큼 각별한 관계를 유지합니다. 문유선 씨는 독립적인 생활을 즐기면서도 가족과 함께 나누는 시끌벅적한 대화와 온기를 통해 삶의 원동력을 얻습니다.","문유선 씨는 송파구 자가 아파트에 거주하며 보험사 웹 운영자로 근무하는 31세 여성으로, 사교적인 성격과 경제적 여유를 갖췄지만 혈당과 혈압 관리가 필요한 직장인입니다.","송파구 석촌호수 인근 아파트에서 혼자 생활하며, 주말이면 롯데월드몰의 편집숍을 둘러보거나 동네 단골 빵집에서 갓 구운 소금빵을 사는 소소한 일상을 즐깁니다.","보험사 웹사이트의 메인 배너를 적시에 교체하고 링크 오류를 빠르게 잡아내며, 현업 부서의 복잡한 요구사항을 개발자가 이해하기 쉬운 작업 지시서로 변환해 전달합니다.","['콘텐츠 관리 시스템 운영', '웹 접근성 표준 점검', '이벤트 페이지 퍼블리싱 검수', '금융 서비스 UI 요구사항 정의']","금요일 밤에는 친구들과 함께 코인 노래방에서 최신 유행하는 댄스곡을 부르며 에너지를 얻고, 한 달에 한 번은 부모님과 강원도 평창의 숲길을 걸으며 복잡한 마음을 정리합니다.","['성수동 베이커리 투어', '코인 노래방 최신곡 정복', '평창 숲길 트레킹', '넷플릭스 최신 예능 시청']",단순한 운영 업무를 넘어 고객이 보험금 청구 과정을 더 직관적으로 느낄 수 있도록 사용자 경험을 개선하는 서비스 기획자로 성장하고자 합니다.,여자,31,미혼,비현역,혼자 거주,아파트,2~3년제 전문대학,해당없음,웹 운영자,서울-송파구,서울,대한민국,30대,자전거
3cfe71d05ff842ed95965cd9ea341e94,"이재형 씨는 섬유 공장의 소음 가득한 현장에서 작업자들과 씨름하며 원단 납기일을 맞추는 생산관리 사무원으로 일하며, 법학 전공자 특유의 논리력으로 현장 사람들의 불만을 잠재우는 능숙한 협상가입니다. 최근에는 업무 강도를 낮추기 위해 스마트 팩토리 도입 프로젝트에 참여하려 애쓰며 정년까지의 안온한 직장 생활을 꿈꿉니다.",이재형 씨는 주말이면 가족들의 손에 이끌려 가평의 아침고요수목원이나 양평의 숲길을 느릿하게 걸으며 흙냄새를 맡는 것으로 일주일의 피로를 씻어냅니다. 격렬한 운동보다는 뜨끈한 사우나탕에 몸을 담그고 멍하게 천장을 바라보는 정적인 휴식을 최고의 보약으로 여깁니다.,이재형 씨는 퇴근 후 홀로 코인 노래방에 들어가 임영웅의 노래를 열창하며 마음속에 쌓인 울분을 쏟아내는 것으로 하루의 마침표를 찍습니다. 최신 트로트 가사 하나하나에 자신의 삶을 투영하며 가끔은 눈시울을 붉히기도 하는 의외의 감성적인 면모를 가지고 있습니다.,이재형 씨는 휴가철이면 어린 자녀들의 성화에 못 이겨 강원도 인제나 평창의 울창한 전나무 숲을 찾아가 가족사진을 찍어주는 전형적인 가족 중심적 여행자입니다. 화려한 관광지보다는 이름 모를 산책로의 고요한 풍경을 바라보며 복잡한 머릿속을 정리하는 시간을 소중히 여깁니다.,"이재형 씨는 퇴근길 가락시장 근처 단골 주점에서 칼칼한 도루묵조림에 소주 한 잔을 곁들이며 현장 작업자들과의 갈등으로 쌓인 스트레스를 풀어냅니다. 고기보다는 나물 반찬이 정갈하게 나오는 한식당을 즐겨 찾으며, 배달 음식보다는 직접 식당에 가서 갓 지은 밥을 먹는 것을 당연하게 생각합니다.","이재형 씨는 송파구 아파트에서 아내와 아이들의 잔소리를 묵묵히 들어주는 다정한 아버지이자 남편이지만, 가끔은 혼자만의 동굴이 필요해 찜질방으로 도망치곤 합니다. 자녀들의 교육 문제로 아내와 의견 충돌이 있을 때면 법학 전공자답게 논리적으로 따지려다 결국 져주는 유연한 태도를 보입니다.","이재형 씨는 송파구에 거주하며 섬유 공장의 생산관리를 맡고 있는 40대 가장으로, 논리적인 업무 처리 능력과 트로트를 사랑하는 소탈한 감성을 동시에 지닌 인물입니다.","송파구 가락동의 아파트에서 가족들과 함께 지내며, 대학 시절 법학을 전공한 정갈한 논리와 섬유 공장의 거친 현장 분위기를 모두 경험하며 유연한 태도를 갖췄습니다.","원단 수급 일정과 공정 효율을 맞추는 생산관리 업무를 하며, 현장 작업자들의 요구사항을 조율해 납기일을 맞추는 능숙한 협상력을 발휘합니다.","['원단 재고 최적화', '공정 일정 조율', '현장 인력 갈등 관리', '생산 비용 분석']","주말이면 가족들과 가평이나 양평의 숲길을 걷고, 평일 저녁에는 동료들과 단골 주점에서 도루묵조림에 소주 한잔을 기울이며 스트레스를 풉니다. 퇴근 후 집 근처 찜질방에서 땀을 빼거나 코인 노래방에서 최신 트로트를 부르며 마음을 정리합니다.","['가평 잣향기푸른숲 산책', '동네 코인 노래방 방문', '가락시장 인근 주점 탐방', '동네 사우나에서 반신욕']",지금의 관리직 경험을 살려 생산 효율을 높이는 스마트 팩토리 도입 프로젝트에 참여해 업무 강도를 낮추고 정년까지 안정적으로 근무하고자 합니다.,남자,47,배우자있음,비현역,배우자·자녀와 거주,아파트,4년제 대학교,경영·행정·법,생산관리 사무원,서울-송파구,서울,대한민국,40대,자차
6f8c38e0071f49448b267e840741d7bc,"박영민 씨는 소매점 재고 수량을 엑셀로 치밀하게 관리하며 발주 오차를 줄이고, 고집 센 거래처 사장님들을 능숙하게 설득해 최선의 단가를 끌어냅니다. 매장 진열대 높이와 상품 배치 하나가 매출에 직결된다는 점을 파악해 즉각적으로 현장을 수정하는 실전형 관리자입니다.","박영민 씨는 땀 흘리는 격한 운동 대신 퇴근 후 거실 소파에 깊숙이 몸을 파묻고 유튜브로 스포츠 하이라이트 영상을 시청하며 대리 만족을 느낍니다. 가끔은 동호회 사람들과 가벼운 모임을 갖지만, 주로 정적인 휴식과 함께 시간을 보내는 편입니다.","박영민 씨는 잠실 롯데시네마에서 최신 개봉작을 관람하며 일주일의 피로를 풀고, 가끔은 대학 시절의 감성을 살려 소극장에서 상연하는 연극을 챙겨 봅니다. 화려한 예술 작품보다는 대중적이고 공감하기 쉬운 서사가 담긴 문화 콘텐츠를 즐깁니다.","박영민 씨는 주말이면 아내와 함께 가평이나 양평의 숲속 펜션을 예약해 스마트폰을 내려놓고 멍하니 자연을 바라보며 완전한 휴식을 취합니다. 유명 관광지를 찾아다니며 인증샷을 찍기보다, 조용한 숙소에서 맛있는 음식을 먹으며 잠을 보충하는 일정으로 움직입니다.","박영민 씨는 일주일에 두세 번 정도 퇴근길에 들르는 단골 고깃집에서 육즙 가득한 돼지갈비를 즐기며, 간단한 식사가 필요할 때는 동네 김밥집에서 참치김밥과 떡볶이를 포장해 옵니다. 배달 음식은 한 달에 한 번 정도 별미로 주문하며, 주로 아내와 함께 집 근처 식당에서 식사하는 시간을 갖습니다.","박영민 씨는 송파구 가락동 연립주택에서 아내와 함께 소소한 일상을 공유하며, 서로의 커리어 고민과 내 집 마련이라는 공동의 목표를 나누는 든든한 동반자 관계를 유지합니다. 주말이면 아내의 취향에 맞춘 여행지를 함께 선정하며 부부 사이의 정을 쌓습니다.","박영민 씨는 송파구에 거주하며 소매업 영업 관리자로 일하는 40대 남성으로, 현실적인 내 집 마련의 꿈과 건강 관리 사이에서 갈등하며 가족과의 휴식을 통해 에너지를 얻는 인물입니다.","송파구 가락동의 연립주택에서 아내와 함께 지내며, 퇴근길 석촌호수 주변의 복잡한 인파 속에서 도시의 활기를 느끼는 전형적인 서울 직장인입니다. 대학 시절 서비스 전공을 하며 익힌 싹싹함이 몸에 배어 있지만, 집에서는 편한 옷차림으로 소파에 누워 밀린 예능 프로그램을 보는 소소한 일상을 소중히 여깁니다.","소매점의 재고 흐름을 한눈에 파악해 발주량을 정밀하게 조절하고, 까다로운 거래처 사장님들과의 협상에서 실리를 챙기는 능력이 탁월합니다. 매장 진열대 위치 하나만 바꿔도 매출이 변하는 지점을 정확히 짚어내어 현장에 즉시 적용합니다.","['재고 관리 최적화', '거래처 협상 및 단가 조정', '매장 VMD 효율 분석', '고객 불만 응대 및 해결', '효율적인 인력 근무 스케줄링']","주말이면 아내와 함께 가평이나 양평의 조용한 펜션으로 떠나 아무것도 하지 않고 쉬는 휴양 여행을 즐기며, 가끔 잠실 롯데시네마에서 최신 개봉 영화를 봅니다. 고혈압과 혈당 수치 때문에 식단 관리가 필요하다는 의사의 권고를 받았지만, 스트레스 받는 날에는 단골 고깃집에서 두툼한 삼겹살에 소주 한 잔을 곁들이며 하루를 마무리합니다.","['석촌호수 주변 산책', '넷플릭스 시리즈 정주행', '가족 동반 근교 펜션 여행', '프리미엄 돼지고기 맛집 탐방', '소규모 사회인 동호회 활동']","현재의 관리직 경험을 발판 삼아 구 단위의 여러 매장을 총괄하는 지역 매니저로 승진해 소득 수준을 높이고, 전세를 벗어나 송파구 내에 작은 아파트라도 내 집 마련을 하는 것을 최우선 목표로 삼고 있습니다.",남자,41,배우자있음,비현역,기타1세대,연립주택,4년제 대학교,서비스,영업 관리 사무원,서울-송파구,서울,대한민국,40대,자차
9eaae4bc40ec4e7d901004f717994869,"최근우 씨는 집안의 모든 세금 신고서와 증빙 서류를 날짜별, 항목별로 완벽하게 분류해 두는 습관이 있으며, 현재는 경쟁이 치열한 곳을 피해 동네 주민센터의 행정 보조직이나 작은 법무 사무소의 관리직 자리를 조용히 찾고 있습니다.","최근우 씨는 주말 아침이면 남한산성 둘레길의 흙길을 천천히 걸으며 땀을 흘리고, 저녁에는 거실 소파에 깊숙이 파묻혀 해외 축구 경기를 관람하며 선수들의 전술적 움직임을 분석합니다.","최근우 씨는 오래된 디지털카메라로 가락시장 근처의 소박한 골목 풍경을 담아내는 사진 찍기를 즐기며, 혼자만의 시간에는 유튜브로 쇼팽의 야상곡을 틀어놓고 복잡한 머릿속을 비워냅니다.","최근우 씨는 가족 여행을 떠날 때 분 단위의 세부 일정표는 물론, 갑작스러운 비가 올 때를 대비한 예비 경로까지 꼼꼼하게 작성해 아내와 아이들에게 공유합니다.","최근우 씨는 주 5회 정도 가족과 함께 집 근처 식당에서 나물 비빔밥이나 청국장 같은 담백한 한식을 즐기며, 가끔은 동네 중국집에서 짬뽕 국물에 밥을 말아 먹는 것으로 일주일의 스트레스를 해소합니다.",최근우 씨는 밖에서는 조용하고 내성적이지만 집에서는 아이들의 숙제를 하나하나 꼼꼼히 봐주고 아내의 사소한 고민을 묵묵히 들어주는 다정한 남편이자 아버지로 살아갑니다.,"최근우 씨는 송파구에서 가족과 함께 거주하며 법학 전공자의 꼼꼼함과 내향적인 성격, 그리고 재취업에 대한 막연한 불안감을 동시에 안고 살아가는 40대 가장입니다.","송파구 가락동 아파트 단지에서 오래 거주하며 정돈된 도시 삶에 익숙합니다. 법학 전공자 특유의 꼼꼼함이 배어 있어 일상에서도 규칙과 절차를 중요하게 여기지만, 가족 앞에서는 다정한 남편이자 아버지로 지냅니다.",복잡한 세금 계산이나 집안의 각종 서류를 오차 없이 정리하는 능력이 탁월합니다. 가족 여행을 갈 때 분 단위의 일정표와 예비 계획을 세워 돌발 상황을 최소화하는 치밀함을 보여줍니다.,"['가계 자산 포트폴리오 관리', '효율적인 여행 동선 계획 수립', '법률 및 행정 서류 검토', '디지털 사진 보정 및 앨범 제작']","주말이면 가족들과 함께 남한산성 둘레길을 걸으며 풍경 사진을 찍고, 밤에는 방 안에서 정교한 전략 시뮬레이션 게임을 하며 잡념을 없앱니다. 가끔은 집 근처 카페에서 조용히 클래식 음악을 들으며 혼자만의 시간을 보냅니다.","['남한산성 둘레길 풍경 출사', '전략 시뮬레이션 게임', '클래식 음악 감상', '석촌호수 산책']","현재는 휴식기를 갖고 있지만, 심리적 부담이 적은 소규모 행정 사무직이나 전문 자격증을 활용한 유연한 형태의 재취업을 조심스럽게 고려하고 있습니다. 경쟁이 치열한 곳보다는 자신의 성실함을 인정받을 수 있는 조용한 환경의 일자리를 희망합니다.",남자,43,배우자있음,비현역,배우자·자녀와 거주,아파트,4년제 대학교,경영·행정·법,무직,서울-송파구,서울,대한민국,40대,자차
f8ba487f9ad644b3b72314275824aa1c,"신호곤 씨는 금융 데이터의 작은 오차 하나도 그냥 넘기지 못해 엑셀 피벗 테이블을 몇 번이고 다시 돌려보는 강박적인 꼼꼼함을 가졌습니다. 신호곤 씨는 법령의 세밀한 문구 하나가 가져올 리스크를 빠르게 짚어내며 팀 내에서 최종 검수자 역할을 수행하지만, 때로는 지나치게 원칙적인 태도로 동료들을 긴장하게 만듭니다.",신호곤 씨는 땀 흘리는 격렬한 운동보다는 정적인 움직임을 선호하며 주말마다 석촌호수 둘레길을 따라 걷는 일상을 유지합니다. 신호곤 씨는 계획된 경로를 벗어나는 것을 꺼려 항상 같은 코스로 산책하며 계절에 따라 변하는 나무들의 색깔을 살핍니다.,신호곤 씨는 잠실역 인근의 단골 바버샵에서 포마드로 머리를 정교하게 넘기며 자신의 외양을 정돈하는 시간에서 기분 전환을 합니다. 신호곤 씨는 난해한 현대 미술 전시회보다 텔레비전 프로그램의 익숙한 흐름 속에 몸을 맡기고 아무 생각 없이 시간을 보내는 휴식을 즐깁니다.,"신호곤 씨는 아버지의 손을 잡고 전국의 이름난 노포 맛집을 찾아다니는 식도락 여행에서 가장 큰 행복을 느낍니다. 신호곤 씨는 방문할 식당의 역사와 대표 메뉴를 미리 꼼꼼하게 조사해 동선을 짜고, 그곳의 전통적인 맛을 정확히 확인하는 과정에 집중합니다.","신호곤 씨는 2주에 한 번 정도 정갈한 한우 고깃집에서 식사하며, 가끔은 단골 이자카야에서 하이볼 한 잔과 함께 친구들과 시시콜콜한 잡담을 나눕니다. 신호곤 씨는 배달 음식의 자극적인 맛보다 직접 찾아가서 먹는 노포 한식당의 투박한 분위기와 정성을 더 신뢰합니다.",신호곤 씨는 마흔이 넘은 나이에도 아버지와 함께 송파구 아파트에서 생활하며 효심과 의존심이 묘하게 섞인 관계를 유지합니다. 신호곤 씨는 아버지와 함께 동네의 오래된 상점들을 구경하며 말없이 시간을 보내는 정적인 유대감을 소중히 여깁니다.,"신호곤 씨는 보수적인 금융권의 통계 사무원으로 일하며, 송파구에서 아버지와 함께 정적인 일상을 공유하는 꼼꼼하고 안정적인 성격의 소유자입니다.","송파구 잠실동의 아파트에서 아버지와 함께 생활하며, 대학원 시절부터 이어진 학구적인 습관과 금융권의 보수적인 조직 문화가 생활 전반에 스며들어 있습니다. 주말이면 아버지와 함께 석촌호수 주변을 천천히 걷거나 동네의 오래된 상점들을 둘러보는 정적인 일상을 유지합니다.","방대한 양의 금융 데이터를 엑셀 피벗 테이블과 통계 프로그램으로 정교하게 가공해 오차 없는 보고서를 만들어내며, 법령의 세밀한 문구 하나가 가져올 리스크를 빠르게 짚어냅니다. 숫자의 정합성을 맞추는 과정에서 오는 심리적 안정감을 즐기며 팀 내에서 최종 검수자로 통합니다.","['엑셀 고급 함수 및 피벗 테이블 활용', '금융 통계 데이터 분석 및 시각화', '보험 관련 법규 및 행정 절차 검토', '정밀 수치 기반의 보고서 작성']","가끔 잠실역 근처의 바버샵에서 머리를 정교하게 다듬으며 기분 전환을 하고, 아버지와 함께 전국의 유명한 노포 맛집을 찾아다니는 식도락 여행을 떠납니다. 퇴근 후에는 거실 소파에 누워 텔레비전을 멍하게 보거나, 단골 이자카야에서 친구들과 하이볼 한 잔을 곁들이며 소소한 잡담을 나눕니다.","['바버샵 방문 및 세밀한 그루밍', '전국 노포 맛집 탐방 여행', '석촌호수 산책 및 명상', '단골 이자카야에서의 사교 모임', 'OTT 플랫폼을 통한 무계획적 휴식']","현재의 안정적인 직무 체계를 더욱 효율적으로 개선해 업무 프로세스를 최적화하고, 조직 내에서 대체 불가능한 데이터 관리 전문가로 인정받기를 바랍니다. 급격한 승진이나 직종 전환보다는 매년 조금씩 전문성을 쌓아 올리는 점진적인 성장을 추구합니다.",남자,42,미혼,비현역,아버지와 동거,아파트,대학원,경영·행정·법,통계 사무원,서울-송파구,서울,대한민국,40대,자차
bf471b23b196400790241b3d39a6087f,"장현진 씨는 의복제조업 현장에서 원단의 미세한 올 풀림이나 봉제 불량을 단번에 잡아내는 품질 관리 전문가로, 공학적 지식을 활용해 효율적인 공정 매뉴얼을 설계하는 데 탁월합니다. 다만 완벽한 결과물을 추구하는 성격 탓에 동료들과 의견 충돌이 발생하면 이를 쉽게 털어내지 못하고 오랫동안 마음속으로 되새기며 심리적인 소모를 겪습니다.",장현진 씨는 새벽마다 잠을 설쳐가며 프리미어리그 경기를 시청하고 전술의 흐름을 분석하는 일에 깊이 몰입합니다. 직접 땀 흘려 뛰는 운동보다는 소파에 깊숙이 몸을 파묻고 닌텐도 스위치 게임 패드를 조작하며 가상 세계의 승부욕을 채우는 시간을 가장 소중하게 여깁니다.,"장현진 씨는 주말이면 성수동의 최신 팝업 스토어들을 방문해 파격적인 공간 구성과 감각적인 디자인 소품들을 구경하며 새로운 영감을 얻습니다. 평소의 정적인 성격과 달리 최신 유행하는 전시의 분위기를 즐기며, 그곳에서 찍은 사진들을 조용히 저장하는 의외의 취향을 가지고 있습니다.",장현진 씨는 휴일이면 가족들의 손을 잡고 가평의 잣나무 숲길을 천천히 걸으며 일주일 동안 쌓인 직장 내 스트레스를 씻어냅니다. 유명한 관광지의 화려함보다는 이끼 낀 바위나 짙은 녹음이 우거진 자연 풍경 속에 머물며 가족들과 도란도란 이야기를 나누는 시간을 선호합니다.,"장현진 씨는 퇴근길 집 근처 베이커리에 들러 갓 구운 소금빵을 한 봉지 가득 사서 아이들과 나눠 먹으며 하루의 긴장을 풉니다. 고기 요리보다는 정갈한 나물 비빔밥이나 청국장 같은 한식을 즐기며, 배달 음식보다는 집 근처 식당에서 직접 식사하는 시간을 더 자주 가집니다.","장현진 씨는 송파구 석촌호수 근처에서 아내와 아이들을 위해 헌신하며, 집안에서는 갈등을 만들기보다 묵묵히 배려하는 다정한 아빠의 모습을 보여줍니다. 평소 조용한 성격이라 아내의 결정에 대부분 따르는 편이지만, 아이들의 교육 문제나 가치관에 대해서는 자신의 의견을 차분하고 분명하게 전달합니다.","장현진 씨는 송파구에 거주하며 의류 품질 관리 분야의 정밀함과 가족에 대한 깊은 애정을 가진, 섬세하지만 내면의 심리적 소모가 큰 40대 가장입니다.","송파구 석촌호수 인근의 다세대 주택에서 아이들을 키우며, 공학적 사고방식과 의류 품질 관리의 세밀함을 동시에 갖춘 삶을 삽니다. 평소에는 조용한 성격이지만 가끔은 성수동의 최신 팝업 스토어를 찾아다니며 새로운 아이디어를 얻는 일에 즐거움을 느낍니다.","원단의 미세한 올 풀림이나 봉제 불량을 빠르게 잡아내며, 생산 공정의 효율을 높이기 위한 품질 관리 매뉴얼을 설계하는 데 능숙합니다. 특히 섬유 소재의 특성을 수치화하여 내구성을 분석하고 이를 제품 개선에 반영하는 실무 역량을 보유하고 있습니다.","['원단 불량 검수', '봉제 품질 관리', '생산 공정 최적화', '품질 관리 매뉴얼 작성', '섬유 소재 내구성 분석']","주말이면 가족들과 가평의 잣나무 숲길을 걸으며 마음을 정리하고, 평일 저녁에는 닌텐도 스위치로 게임을 하거나 프리미어리그 경기를 시청합니다. 식후에는 집 근처 베이커리에서 갓 구운 소금빵을 사서 가족들과 나눠 먹으며 하루를 마무리합니다.","['닌텐도 스위치 게임', '프리미어리그 경기 시청', '가평 숲길 산책', '동네 빵집 투어', '전통 두부 요리 맛집 탐방']","현재의 전문성을 인정받아 공정 전체를 총괄하는 관리직으로 성장하고 싶어 하지만, 업무상 발생하는 예기치 못한 변수와 갈등으로 인한 심리적 소모를 줄이는 방법을 찾고 있습니다.",남자,41,배우자있음,비현역,배우자·자녀와 거주,다세대주택,4년제 대학교,공학·제조·건설,품질 관리 사무원,서울-송파구,서울,대한민국,40대,자차
2379e2c726f14a44baf2d93e5ca1046e,"구승현 씨는 건설 도면의 결함을 귀신같이 찾아내던 예전의 감각을 살려, 집안의 고장 난 서랍장 경첩이나 전등 스위치를 매뉴얼대로 꼼꼼하게 고치며 시간을 보냅니다. 건설 안전 관리사 자격증 교재를 펼쳐 놓고 공부하면서도, 한편으로는 다시 현장으로 돌아갔을 때 겪을 갈등을 걱정하며 조심스럽게 재취업 전략을 짭니다.","구승현 씨는 주말이면 가벼운 배낭을 메고 북한산이나 관악산의 완만한 코스를 오르며 복잡한 생각을 정리하고 땀을 흘리는 시간을 가집니다. 등산 후 내려와 먹는 도토리묵과 파전의 맛에 이끌려 산행을 결정할 때가 많으며, 정상을 정복하기보다 함께 걷는 사람들과의 대화에 더 집중합니다.","구승현 씨는 퇴근 후의 적막함 대신 태블릿 PC로 최신 스마트워치나 무선 이어폰의 상세 리뷰 영상을 챙겨보며 기계적 메커니즘을 분석하는 것에 흥미를 느낍니다. 90년대 천리안과 하이텔을 사용하던 시절의 낭만을 기억하며, 가끔은 오래된 종이 신문을 읽으며 디지털 세상 속에서 잃어버린 느린 호흡을 찾으려 노력합니다.",구승현 씨는 대학 동창들과 모임을 가져 경주 불국사의 다보탑이나 부여 낙화암의 절벽 아래를 거닐며 옛 역사 이야기에 빠져드는 여행을 즐깁니다. 유명 관광지의 화려한 카페보다는 세월의 흔적이 묻어나는 오래된 서점이나 지역 박물관을 꼼꼼히 둘러보며 차분하게 시간을 보내는 방식을 택합니다.,"구승현 씨는 집 근처 단골 삼겹살집에서 노릇하게 구워진 고기에 소주 한 잔을 곁들이며 동네 사람들과 시시콜콜한 이야기를 나누는 저녁 시간을 가장 좋아합니다. 일주일에 한 번 정도는 가족들과 함께 치킨이나 족발을 배달시켜 먹으며 소소한 행복을 느끼지만, 대부분의 식사는 집 밖 식당에서 해결하며 사회적 관계를 유지합니다.","구승현 씨는 가장으로서의 무게감을 묵묵히 견디며 아이들의 작은 성취에도 함께 기뻐해 주는 다정한 아버지이자, 아내의 고민을 조용히 들어주는 든든한 버팀목이 되고자 노력합니다. 가끔은 무직 상태라는 사실에서 오는 위축감에 말수가 적어질 때가 있지만, 가족들이 웃으며 식사하는 모습만 봐도 마음속 응어리가 풀리는 경험을 합니다.","구승현 씨는 송파구에 거주하며 공학적 전문성과 아날로그 감성을 동시에 지닌 40대 가장으로, 가족의 행복과 재취업이라는 현실적 목표 사이에서 균형을 찾으려 노력하는 인물입니다.","송파구 석촌호수 인근 아파트에서 거주하며, 90년대 PC통신 시절의 아날로그 감성과 현재의 디지털 기기 활용 능력을 동시에 갖추고 있습니다. 공학 전공자로서 논리적인 사고를 지향하지만, 전세 생활의 불안함과 가장으로서의 무게감을 묵묵히 견디며 가족의 화목을 최우선으로 여기는 전형적인 40대 한국 남성의 모습을 보입니다.","복잡한 기계 도면을 분석하고 구조적 결함을 빠르게 찾아내는 능력이 있으며, 집안의 고장 난 가전제품이나 간단한 시설 보수 작업을 매뉴얼에 따라 정확하게 처리합니다. 공학적 지식을 일상에 적용해 집안 물건의 배치나 동선을 효율적으로 재구성하는 재주가 있습니다.","['기계 도면 분석 및 설계 해석', '가정 내 설비 유지보수 및 DIY', '공정 최적화 논리 설계', '기술 사양서 검토 및 작성']","주말이면 대학 동창들과 경주 불국사나 부여 낙화암 같은 역사 유적지를 찾아다니며 옛이야기를 나누고, 평일 저녁에는 집 근처 단골 삼겹살집에서 소주 한 잔을 곁들이며 동네 지인들과 어울립니다. 혼자 있는 시간에는 태블릿으로 최신 IT 가젯 리뷰 영상을 보며 시간을 보냅니다.","['경주 및 부여 역사 유적지 탐방', '송파구 인근 청계산 등산', '최신 테크 기기 리뷰 영상 시청', '동네 단골 고깃집 및 이자카야 모임']","당장의 조급한 재취업보다는 건설 안전 관리사 자격증을 취득해 전문성을 보완한 뒤, 가족과 시간을 조율할 수 있는 유연한 근무 형태의 기술 고문직으로 복귀하기를 희망합니다. 자녀의 교육비 마련이라는 현실적인 목표를 위해 차분하게 경력 공백을 메울 전략을 세우고 있습니다.",남자,44,배우자있음,비현역,배우자·자녀와 거주,아파트,4년제 대학교,공학·제조·건설,무직,서울-송파구,서울,대한민국,40대,지하철
4f18296ddedb47b5a3a69380890223e3,"전운진 씨는 엔진의 미세한 떨림과 소음만으로 결함 부위를 정확히 짚어내는 베테랑 기술자이며, 자신의 설계가 실제 차량에 탑재되어 굴러가는 순간의 희열을 잊지 못해 중견 자동차 부품사로의 복귀를 준비하고 있습니다. 그는 꼼꼼한 도면 분석력을 바탕으로 최적의 공정 동선을 설계하며, 구직 활동 중에도 매일 다이어리에 구체적인 기술 컨설팅 전략을 기록합니다.","전운진 씨는 주말마다 송파구 지역 배드민턴 동호회에 나가 셔틀콕을 강하게 내리치며 일주일간 쌓인 구직 스트레스를 땀으로 씻어냅니다. 그는 코트 위에서는 책임감 있게 경기에 임하지만, 급격히 숨이 차오를 때면 자신의 나이 듦을 뼈저리게 체감하며 씁쓸해합니다.",전운진 씨는 퇴근 없는 일상 속에서 카카오페이지의 웹툰을 정주행하거나 추억이 깃든 오래된 PC 게임 속 세상에 몰입하며 현실의 공백을 메웁니다. 그는 라디오에서 흘러나오는 90년대 노래를 배경음악 삼아 신문 잡지의 기술 칼럼을 읽으며 자신만의 정적인 휴식 시간을 보냅니다.,"전운진 씨는 명절이나 휴가 때면 가족들과 함께 한적한 숲길이나 바다 풍경이 보이는 자연 속으로 떠나 복잡한 머릿속을 비워냅니다. 그는 화려한 관광지보다는 나무 냄새가 진하게 나는 산책로를 천천히 걸으며, 가족들의 대화를 묵묵히 듣는 것으로 정서적 안정을 찾습니다.",전운진 씨는 일주일에 두세 번 집 근처 돼지갈비집이나 김치찌개 전문점을 찾아 든든한 한식을 먹으며 허기를 채웁니다. 그는 2주에 한 번꼴로 치킨을 배달시켜 먹으며 시원한 맥주 한 캔을 곁들이는 시간을 통해 소소한 해방감을 느낍니다.,"전운진 씨는 송파구 다세대주택에서 홀로 지내며 고요한 고립을 선택했지만, 가끔씩 연락하는 가족들과의 여행에서만은 평소의 무뚝뚝함을 버리고 다정한 모습을 보입니다. 그는 미혼으로서 누리는 자유로운 생활에 만족하면서도, 적막한 집안 공기에 문득 외로움을 느껴 라디오 볼륨을 높이곤 합니다.",전운진 씨는 자동차 공학 분야의 숙련된 기술력을 가졌으나 현재는 송파구에서 재취업을 꿈꾸며 정적인 취미와 건강상의 취약함을 동시에 안고 살아가는 40대 미혼 남성입니다.,"90년대 학번 공학도로서 성실함과 기술력을 최고의 가치로 믿고 살아왔으나, 현재는 송파구의 조용한 다세대주택 단지에서 홀로 지내며 삶의 속도를 조절하고 있습니다. 석촌호수 주변을 정처 없이 걷거나 라디오에서 흘러나오는 옛 노래를 들으며, 화려한 도시의 모습 뒤에 가려진 자신의 공백기를 묵묵히 견뎌내고 있습니다.","자동차 엔진의 미세한 진동과 소음만으로도 결함 부위를 정확히 짚어내며, 복잡한 기계 도면을 빠르게 분석해 실제 제조 공정에 적용 가능한 최적의 동선을 설계합니다. 기술적 이해도를 바탕으로 고객이 느끼는 불편함을 구체적인 부품 교체나 수리 방안으로 연결해 설득하는 능력이 탁월합니다.","['자동차 엔진 및 구동계 정밀 진단', '기계 도면 해석 및 공정 최적화 설계', '자동차 부품 기술 영업 및 고객 상담', '부품 공급망 분석 및 재고 관리']","집에서는 카카오페이지로 만화를 정주행하거나 오래된 PC 게임에 몰두하며 외부와 차단된 온전한 휴식을 취합니다. 주말에는 송파구 지역 배드민턴 동호회에 나가 셔틀콕을 주고받으며 땀을 흘리고, 잠들기 전에는 경제 관련 팟캐스트를 들으며 내일의 구직 계획을 다이어리에 꼼꼼하게 기록합니다.","['웹툰 및 일본 만화 정주행', '지역 배드민턴 클럽 활동', '기술 및 경제 전문 팟캐스트 청취', '고전 PC 게임 플레이', '종이 신문 및 잡지 스크랩']",새로운 분야로의 무리한 전환보다는 그동안 쌓아온 자동차 공학 전문성을 온전히 발휘할 수 있는 중견 부품사나 기술 컨설팅 업체로의 복귀를 희망합니다. 화려한 직함보다는 자신이 설계한 부품이 실제 차량에 탑재되어 안정적으로 구동되는 것을 확인하며 직업적 효능감을 되찾고 싶어 합니다.,남자,47,미혼,비현역,혼자 거주,다세대주택,4년제 대학교,공학·제조·건설,"전직 자동차공학 기술자 및 연구원, 현재 구직중",서울-송파구,서울,대한민국,40대,지하철
1dd95f03b38e40199a1d4385ae4c37af,"박정훈 씨는 원단의 수율을 0.1%라도 높이기 위해 염색기의 온도와 압력을 정밀하게 조정하는 섬유 공정 기술자입니다. 박정훈 씨는 화학 폐기물을 획기적으로 줄이는 친환경 공법을 현장에 안착시켜 업계에서 대체 불가능한 전문가로 인정받고, 이를 발판 삼아 관리자 직급으로 올라가려는 실리적인 야심이 있습니다.","박정훈 씨는 송파구민체육센터에서 배드민턴 채를 휘두르며 땀을 흘리지만, 사실 경기 후 동호회 사람들과 나누는 시원한 맥주 한 잔을 더 기다립니다. 박정훈 씨는 운동 자체의 성취감보다 사람들과 어울리며 털어내는 잡담의 시간을 더 즐깁니다.",박정훈 씨는 퇴근 후 방 안의 불을 끄고 고사양 모니터 앞에서 로스트아크의 화려한 그래픽에 몰입하며 하루의 긴장을 해소합니다. 박정훈 씨는 어린 시절 들었던 카세트테이프의 질감과 최신 스트리밍 서비스의 편리함을 동시에 기억하며 성장한 세대적 감수성을 가지고 있습니다.,박정훈 씨는 대학 동창들과 함께 제주도나 강원도의 고급 리조트로 떠나 온종일 잠을 자거나 지역 맛집을 찾아다니는 휴양 여행을 즐깁니다. 박정훈 씨는 푹신한 호텔 침구 속에서 아무것도 하지 않고 시간을 보내며 에너지를 충전합니다.,"박정훈 씨는 잠실 인근의 일식 오마카세 식당을 예약해 정갈한 초밥을 나누어 먹으며 사회적 관계를 유지합니다. 박정훈 씨는 일주일의 절반 이상을 외식으로 해결하며, 주로 두툼한 삼겹살이 나오는 한식당이나 고급 일식집을 방문합니다.","박정훈 씨는 송파구 아파트에서 혼자 지내며 누구에게도 간섭받지 않는 독립적인 공간이 주는 안락함을 만끽합니다. 박정훈 씨는 미혼으로서 가끔 가족을 방문해 도리를 다하지만, 자신의 생활 양식을 온전히 존중받는 현재의 거리감을 편안하게 여깁니다.","박정훈 씨는 송파구에 자가를 보유한 40대 초반의 섬유 공정 기술자로, 일의 전문성과 개인의 안락한 삶 사이에서 실용적인 균형을 찾는 현실주의자입니다.","80년대 초반에 태어나 아날로그와 디지털의 전환기를 모두 겪으며 성장했습니다. 송파구의 안정적인 주거 환경에서 자가 아파트를 마련해 혼자 살며, 도시의 편리함과 개인적인 독립 공간이 주는 정서적 안정을 중요하게 여깁니다.","섬유 제조 공정의 효율을 높이는 자동화 설계를 전문으로 합니다. 특히 원단의 수율을 정밀하게 계산하여 버려지는 원사량을 줄이고, 염색 공정의 온도와 압력을 최적화해 불량률을 낮추는 실무 능력이 탁월합니다.","['섬유 공정 자동화 시스템 설계', '원단 수율 최적화 및 비용 분석', '염색 및 가공 공정 온도 제어', '생산 라인 병목 구간 분석 및 개선']","퇴근 후 집에서 고사양 PC로 로스트아크를 즐기며 스트레스를 풉니다. 주말에는 잠실 인근의 일식 오마카세 집을 찾아다니며 대학 동창들과 시간을 보내고, 복부 비만을 해결하기 위해 송파구민체육센터에서 배드민턴 채를 잡지만 가끔은 운동보다 뒤풀이 술자리에 더 열중합니다.","['로스트아크 게임', '잠실 인근 일식 오마카세 탐방', '송파구민체육센터 배드민턴', '유튜브 IT 기기 및 가전 리뷰 시청']","현재의 기술적 성취에 안주하지 않고, 화학 폐기물을 획기적으로 줄이는 친환경 염색 공법을 현장에 도입해 실질적인 성과를 내고 싶어 합니다. 이를 통해 업계에서 대체 불가능한 기술 전문가로 인정받아 관리자 직급으로 순탄하게 올라가는 것을 목표로 합니다.",남자,43,미혼,비현역,혼자 거주,아파트,대학원,공학·제조·건설,섬유 공정 개발 기술자 및 연구원,서울-송파구,서울,대한민국,40대,지하철
18a516288d3442ce9d2e27a23dc3e27c,"이도성 씨는 디지털 출판 플랫폼의 저작권 보호 체계를 설계하며 방대한 전자책 데이터를 외부 해킹으로부터 지켜내는 보안 거버넌스 전문가입니다. 이도성 씨는 법학 전공 지식을 활용해 복잡한 개인정보 보호법 가이드라인을 사내 규정에 세밀하게 녹여내며, 누수 없는 완벽한 시스템을 구축하는 과정에서 깊은 성취감을 느낍니다.","이도성 씨는 땀 흘리는 격렬한 운동보다는 집에서 TV를 시청하거나 인터넷 영상을 보며 몸과 마음을 이완시키는 정적인 휴식을 취합니다. 이도성 씨는 가끔 친구들과의 사교 모임에서 가벼운 활동을 함께하지만, 금세 숨이 차오르는 체력 저하를 느끼며 소파에 기대어 쉬는 시간을 가장 선호합니다.","이도성 씨는 퇴근길에 조용한 음악을 감상하거나 영상 콘텐츠를 시청하며 하루 동안 쌓인 업무 긴장감을 해소합니다. 이도성 씨는 원칙과 논리를 중요하게 생각하는 성향이 반영되어, 구조가 명확한 다큐멘터리나 정갈한 미학이 담긴 영상을 천천히 음미하며 시간을 보냅니다.","이도성 씨는 아내와 함께 강원도 정선이나 전남 구례의 이름난 곤드레밥 집, 나물 정식집을 찾아다니는 식도락 여행에 몰입합니다. 이도성 씨는 여행지의 풍경보다 그 지역에서만 맛볼 수 있는 정갈한 한 상 차림의 음식에 집중하며, 친구들과 함께 유명 맛집의 대기 줄을 견디는 과정을 즐깁니다.","이도성 씨는 일주일에 5일 이상 외식을 하며, 특히 방이동 먹자골목의 단골 일식집에서 신선한 사시미에 사케 한 잔을 곁들이며 오랜 친구들과 밀린 이야기를 나누는 시간을 가장 소중히 여깁니다. 이도성 씨는 간편한 배달 음식보다는 식당의 정갈한 분위기와 정성스럽게 차려진 한식 및 일식 요리를 직접 마주하며 식사하는 것을 즐깁니다.","이도성 씨는 송파구 가락동의 오래된 아파트에서 연로하신 아버지와 아내, 아이들과 함께 살며 매주 주말마다 온 가족이 모여 정갈한 한식 상차림을 나누는 가풍을 이어갑니다. 이도성 씨는 법과 경영학을 전공하며 익힌 예의와 질서를 집안에서도 중시하며, 가족 구성원 사이의 조화를 유지하기 위해 노력하는 든든한 가장입니다.","이도성 씨는 송파구에 거주하며 디지털 출판 보안 분야의 전문성을 쌓아가는 40대 가장으로, 원칙 중심의 삶과 정갈한 식도락의 즐거움을 동시에 추구하는 인물입니다.","송파구 가락동의 오래된 아파트 단지에서 연로하신 아버지와 함께 살며, 매주 주말이면 가족 모두가 모여 정갈한 한식 상차림을 나누는 가풍 속에 살고 있습니다. 법과 경영학을 전공하며 익힌 원칙 중심의 사고방식이 몸에 배어 있어 일상에서도 질서와 예의를 중요하게 생각합니다.","디지털 출판 플랫폼의 저작권 보호 체계를 설계하고, 외부 해킹 공격으로부터 방대한 전자책 데이터를 지켜내는 보안 거버넌스를 구축합니다. 법학 전공을 살려 최신 개인정보 보호법 가이드라인을 사내 규정으로 세밀하게 녹여내는 능력이 탁월합니다.","['디지털 저작권 관리 시스템 설계', '개인정보 보호법 컴플라이언스 검토', '기업 보안 취약점 진단 및 보완', '리스크 관리 전략 수립']",퇴근길에 방이동 먹자골목의 단골 일식집에서 정갈한 사시미에 사케 한 잔을 곁들이며 오래된 친구들과 밀린 이야기를 나눕니다. 주말에는 아내와 함께 전국의 유명한 나물 정식이나 곤드레밥 집을 찾아다니는 식도락 여행을 즐깁니다.,"['방이동 일식집 투어', '전국 나물 정식 맛집 탐방', '유튜브 보안 최신 트렌드 영상 시청', '집에서 즐기는 클래식 음악 감상']",갑작스러운 도약보다는 지금의 전문성을 바탕으로 업계에서 신뢰받는 보안 고문이나 시니어 컨설턴트로 자리 잡고 싶어 합니다. 무리한 확장보다는 현재 관리하는 시스템의 완결성을 높여 누수 없는 보안 환경을 만드는 데 성취감을 느낍니다.,남자,45,배우자있음,비현역,배우자·자녀·아버지와 거주,아파트,대학원,경영·행정·법,정보 보안 전문가,서울-송파구,서울,대한민국,40대,도보
1873e742d07c49828b969ce0322b49bc,"이민열 씨는 법학적 지식과 경영 논리를 쇼핑몰 상세페이지의 문구 하나하나에 녹여내 소비자의 구매 심리를 정확히 자극하는 온라인 판매자로, 최근에는 무리한 확장보다는 업무 시간을 줄여주는 자동화 시스템 구축에 몰두하고 있습니다. 전자상거래법을 활용해 까다로운 고객 민원을 매끄럽게 해결하는 능력이 탁월하지만, 가끔은 지나치게 논리적으로 상대를 설득하려다 고객과 묘한 기싸움을 벌이는 고집스러운 면이 있습니다.","이민열 씨는 매일 저녁 올림픽공원의 숲길 산책로를 느린 걸음으로 걸으며 하루 동안 쌓인 정신적 피로를 씻어내는 정적인 활동에서 평온함을 찾습니다. 땀 흘리는 격렬한 운동에는 쉽게 지루함을 느끼지만, 석촌호수의 계절 변화를 느끼며 걷는 시간만큼은 누구보다 성실하게 챙기는 생활 루틴을 가지고 있습니다.",이민열 씨는 퇴근 후 거실 소파에 깊숙이 몸을 파묻고 최신 트렌드의 유튜브 영상이나 넷플릭스 다큐멘터리를 시청하며 세상의 흐름을 읽는 시간을 갖습니다. 특별한 예술적 취향을 내세우기보다 대중적인 콘텐츠 속에 숨겨진 사람들의 욕망과 심리를 분석하는 것에 더 큰 흥미를 느끼며 시간을 보냅니다.,이민열 씨는 가족들과 함께 전국의 이름난 식도락 여행지를 찾아다니며 현지의 제철 식재료가 주는 풍미를 만끽하는 여행을 가장 선호합니다. 꼼꼼하게 짜인 일정표대로 움직이는 패키지 여행보다는 그날그날 끌리는 맛집을 발견해 즉흥적으로 경로를 바꾸는 유연한 여행 방식을 즐깁니다.,"이민열 씨는 주 5회 이상 외식을 즐기며 특히 가락시장 인근의 숨은 일식 노포에서 갓 썰어낸 제철 사시미와 정갈한 나물 중심의 한식을 즐겨 찾습니다. 배달 음식의 자극적인 맛보다는 장인의 손맛이 느껴지는 식당을 직접 찾아가는 수고를 즐기며, 식사 때마다 식재료의 원산지와 신선도를 세밀하게 따지는 미식가적 면모를 보입니다.","이민열 씨는 이혼 후 송파구의 집에서 홀로 지내며 고요한 독립 생활을 누리지만, 여행이나 특별한 날에는 가족들과 만나 따뜻한 유대감을 나누는 복합적인 관계를 유지하고 있습니다. 혼자 있을 때는 매우 정적인 성격으로 변하지만, 가족들 앞에서는 특유의 사교성과 유머 감각을 발휘해 분위기를 주도하는 활기찬 모습을 보입니다.","이민열 씨는 법학적 논리와 유연한 상술을 겸비한 온라인 판매자로, 송파구 자가 주택에 거주하며 일식 미식과 산책으로 삶의 균형을 맞추는 47세 남성입니다.","석촌호수 인근의 다세대 주택가에서 생활하며, 대학원 시절 익힌 법과 경영의 논리적인 틀과 온라인 시장의 유연한 생리를 동시에 경험하며 살아온 서울의 40대 중반 남성입니다.","소비자가 구매 버튼을 누르게 만드는 미묘한 심리적 접점을 포착해 상세페이지 문구를 수정하는 감각이 뛰어나며, 전자상거래법을 활용해 까다로운 고객 민원을 매끄럽게 해결합니다.","['구매 전환율 최적화 카피라이팅', '전자상거래 분쟁 조정 및 법적 대응', '소비자 구매 패턴 데이터 분석', '신규 유입 경로 최적화']","가락시장 인근의 숨은 일식 노포를 찾아다니며 계절별 제철 사시미를 즐기고, 저녁 식사 후에는 올림픽공원 산책로를 천천히 걸으며 하루의 긴장을 덜어냅니다.","['잠실 및 송파구 일대 일식 맛집 탐방', '올림픽공원 야간 산책', '넷플릭스 범죄 다큐멘터리 시청', '최신 스마트 홈 가전 수집']","사업 규모를 무리하게 확장하기보다, 하루 업무 시간을 일정하게 유지하면서도 안정적인 수익이 창출되는 효율적인 자동화 시스템을 구축하는 것에 가치를 둡니다.",남자,47,이혼,비현역,혼자 거주,다세대주택,대학원,경영·행정·법,온라인 쇼핑 판매원,서울-송파구,서울,대한민국,40대,버스
e5721720dc974730bd1a6ec9d4d7f1a1,"안성민 씨는 기업 네트워크의 보이지 않는 틈새를 찾아내 차단하는 정보 보안 전문가로, 까다로운 개인정보보호 관리체계 인증 심사를 단 한 번의 지적 사항 없이 통과시키는 치밀함을 보입니다. 실무자들의 불필요한 야근을 줄여주겠다는 일념으로 보안 자동화 시스템을 구축하려 애쓰지만, 정작 본인은 완벽주의 성향 탓에 사소한 로그 기록 하나가 마음에 들지 않아 밤을 지새우는 직업병을 앓고 있습니다.","안성민 씨는 퇴근길 잠실 종합운동장에서 LG 트윈스와 두산 베어스의 치열한 경기를 관람하며 목청껏 소리를 지르는 것으로 일주일의 스트레스를 털어냅니다. 주말이면 가벼운 마음으로 관악산 등산로를 오르며 땀을 흘리고, 평일 저녁에는 팟캐스트를 들으며 정적인 휴식을 취하는 등 활동적인 에너지와 정적인 충전을 동시에 추구합니다.",안성민 씨는 화려한 예술 작품보다는 가구의 배치나 조명 하나가 주는 정돈된 미학에 깊은 관심을 가지며 거실의 분위기를 세밀하게 조정하는 데 시간을 씁니다. 잠들기 전 침대에 누워 차분한 목소리의 라디오 방송이나 최신 IT 기술 트렌드를 다루는 유튜브 영상을 시청하며 복잡했던 머릿속 생각들을 하나둘 정리합니다.,"안성민 씨는 직장 동료들과 함께 전국의 골프장이나 레포츠 시설을 찾아다니며 함께 땀 흘리는 활동적인 여행을 즐깁니다. 낯선 곳에서의 무계획적인 모험보다는 이미 검증된 코스와 효율적인 이동 경로가 짜인 일정을 선호하며, 여행지 숙소에 도착해서도 보안 전문가답게 와이파이 보안 상태를 무의식적으로 점검하는 버릇이 있습니다.","안성민 씨는 일주일에 대여섯 번은 밖에서 식사를 해결하며, 특히 자극적이지 않은 청국장이나 보리밥 같은 한식 정식을 즐겨 찾습니다. 저녁에는 단골 이자카야에서 시원한 하이볼과 꼬치구이를 곁들이며 동료들과 소소한 이야기를 나누지만, 배달 음식은 위생과 쓰레기 처리 문제 때문에 한 달에 딱 한 번만 주문하는 철저한 면모를 보입니다.","안성민 씨는 송파구의 정돈된 환경 속에서 아내, 아이들과 함께 화목한 가정을 꾸려가며 아이들의 교육 환경과 생활의 질을 높이는 데 세심한 주의를 기울입니다. 가족 앞에서는 다정한 아버지의 모습을 보이려 노력하지만, 업무 중 쌓인 예민함이 불쑥 튀어나와 사소한 집안일에 잔소리를 늘어놓다가 아내의 눈치를 보는 서툰 가장의 모습도 가지고 있습니다.","안성민 씨는 송파구에 거주하며 완벽주의적 성향으로 기업 보안을 책임지는 42세 전문가로, 야구 관람과 사우나를 통해 스트레스를 관리하며 가족과 함께 실용적인 삶을 추구하는 인물입니다.","송파구 잠실 일대에서 오래 거주하며 정돈된 도시 환경에 익숙해졌고, 2000년대 초반 정보통신 혁명 시기에 대학을 다니며 실용적인 기술 습득과 효율성을 중시하는 가치관을 형성했습니다.","기업 네트워크의 취약점을 정밀하게 분석해 침입 경로를 차단하고, 복잡한 개인정보보호 관리체계 인증 심사 과정을 빈틈없이 준비해 통과시키는 실무 능력이 탁월합니다.","['네트워크 취약점 진단 및 분석', 'ISMS-P 인증 심사 대응', '방화벽 및 침입탐지시스템 설정', '보안 로그 분석 및 패턴 파악']","퇴근 후 잠실 종합운동장에서 야구 경기를 관람하며 일상의 스트레스를 풀고, 주말에는 동네 사우나의 뜨거운 탕에 몸을 담근 채 복잡한 머릿속을 비워내는 시간을 갖습니다.","['KBO 프로야구 직관', '동네 사우나 방문', '헬스장 러닝머신 걷기', '거실 가구 배치 시뮬레이션', '경제 관련 팟캐스트 청취']","현장에서 쌓은 신뢰를 바탕으로 조직 내 보안 거버넌스를 안정적으로 구축하는 책임자가 되고, 실무자의 피로도를 줄이는 보안 자동화 프로세스를 정착시키고자 합니다.",남자,42,배우자있음,비현역,배우자·자녀와 거주,아파트,4년제 대학교,정보통신기술,정보 보안 전문가,서울-송파구,서울,대한민국,40대,복합수단
f3e1a945f61046128103b7f4623da06f,정상원 씨는 방송 송출 사고가 터지면 가장 먼저 달려가 케이블 하나까지 샅샅이 훑으며 문제를 해결하는 기술 감독입니다. 최근에는 언리얼 엔진 기반의 가상 스튜디오 도입에 매달리며 후배들이 헷갈리지 않게 복잡한 신호 체계를 도식화한 매뉴얼을 만들고 있습니다.,"정상원 씨는 퇴근 후 송파구 지역 배드민턴 클럽원들과 셔틀콕을 주고받으며 땀을 뻘뻘 흘리는 시간을 가장 아낍니다. 가끔은 동네 공원에서 농구공을 튀기며 슛 연습을 하지만, 금세 숨이 차올라 벤치에 앉아 헉헉거리는 모습이 일상입니다.",정상원 씨는 주말 오후면 침대에 누워 일본 만화책을 쌓아두고 읽거나 최신 오픈월드 게임의 방대한 세계관을 탐험하며 시간을 보냅니다. 넷플릭스의 다큐멘터리 영상을 보며 영상미와 음향 설계의 조화를 분석하는 직업병 섞인 취미를 가지고 있습니다.,정상원 씨는 부모님을 모시고 강원도 인제나 평창의 울창한 숲길을 찾아가 정적인 풍경을 카메라 렌즈에 담는 여행을 즐깁니다. 화려한 관광지보다는 이끼 낀 바위나 바람에 흔들리는 나뭇잎 같은 작은 자연의 움직임을 포착하는 데 집중합니다.,"정상원 씨는 일주일에 다섯 번 이상 밖에서 식사를 해결하며, 고기보다는 청국장이나 보리밥 같은 담백한 한식당을 주로 찾습니다. 늦은 밤에는 집 근처 주점에서 시원한 생맥주에 꼬치구이를 곁들이며 하루의 피로를 씻어냅니다.","정상원 씨는 송파구 아파트에서 연로하신 부모님과 함께 살며 챙겨드리는 효심이 깊지만, 정작 자기 방 문을 닫고 혼자만의 시간을 가질 때는 누구보다 철저한 독립성을 갈구합니다. 미혼인 상태로 부모님의 은근한 결혼 압박을 유연하게 넘기며 적절한 심리적 거리감을 유지하는 법을 터득했습니다.","정상원 씨는 송파구에 거주하며 고소득 기술 감독으로 일하지만, 건강 관리와 부모님과의 동거 사이에서 균형을 찾는 40대 미혼 남성입니다.","석촌호수 산책로의 계절 변화를 매일 지켜보며 자랐고, 부모님을 모시는 송파구 아파트 단지 내에서 효도와 개인적 공간 사이의 적절한 거리감을 유지하며 살아갑니다.","방송 송출 시스템의 복잡한 신호 경로를 설계하고, 현장에서 발생하는 돌발적인 음향 사고를 즉각적으로 해결해 무결점의 결과물을 만들어냅니다.","['실시간 오디오 믹싱 및 신호 라우팅', '디지털 영상 송출 시스템 최적화', '현장 기술 스태프 조율 및 디렉팅', '방송 장비 유지보수 및 장애 대응']","퇴근 후 동네 배드민턴 클럽에서 땀을 흘리거나, 주말이면 부모님을 모시고 강원도 숲길을 찾아 조용히 풍경을 사진으로 남깁니다.","['송파구 지역 배드민턴 소모임 활동', '강원도 오지 숲길 및 자연 풍경 출사', '태블릿으로 즐기는 최신 웹툰 정주행', '콘솔 게임기를 이용한 고전 RPG 플레이']","최신 가상 스튜디오 기술을 기존 제작 공정에 자연스럽게 녹여내어, 후배들이 더 효율적으로 일할 수 있는 표준 매뉴얼을 구축하려 합니다.",남자,47,미혼,비현역,부모와 동거,아파트,4년제 대학교,정보통신기술,기술 감독,서울-송파구,서울,대한민국,40대,기타
59cd62079f2a4e6eacf693ab708599e7,"김연주 씨는 정보통신기술 전공을 살려 외식업계의 무인 주문 시스템과 물류 자동화 공정을 설계하는 고위 임원으로, 엑셀 시트의 숫자와 매장 현장의 동선을 대조하며 효율성을 극대화하는 일에 몰두합니다. 신중한 성격 탓에 새로운 메뉴 도입 전에는 반드시 데이터 분석을 거치며, 때로는 너무 완벽을 기하려다 실무진과 날 선 의견 충돌을 빚기도 합니다.",김연주 씨는 정적인 움직임을 즐겨 주말이면 친구들과 함께 제주도 다랑쉬오름이나 용눈이오름의 능선을 따라 걸으며 풍경을 감상하는 시간을 가집니다. 무리한 등산보다는 완만한 숲길을 산책하며 호흡을 가다듬는 방식을 통해 업무로 쌓인 정신적 피로를 씻어냅니다.,"김연주 씨는 퇴근 후 거실 소파에 깊숙이 파묻혀 닌텐도 스위치나 플레이스테이션으로 정교하게 설계된 가상 세계의 퀘스트를 해결하며 하루의 긴장을 풉니다. 잘 짜인 게임 시나리오나 세밀한 그래픽 연출에서 미적 충족감을 느끼며, 가끔은 아무런 생각 없이 텔레비전을 켜둔 채 멍하게 시간을 보내는 휴식을 취합니다.",김연주 씨는 복잡한 도심의 소음에서 벗어나 제주도의 푸른 숲이나 조용한 바닷가 마을을 찾아 친구들과 함께 느릿하게 시간을 보내는 여행을 떠납니다. 빽빽한 관광지 일정표를 짜는 대신 발길 닿는 대로 걷다가 마음에 드는 풍경 앞에서 한참을 머무르는 여유로운 여정을 추구합니다.,"김연주 씨는 나물 비빔밥이나 청국장 같은 담백한 한식을 즐기며, 주말 오후에는 송파구 인근의 유명한 천연 발효종 빵집을 찾아가 겉은 바삭하고 속은 촉촉한 깜빠뉴 한 덩이를 구매합니다. 일주일에 한 번은 배달 앱으로 간편하게 한 끼를 해결하고, 2주에 한 번 갖는 외식 시간에는 정갈한 분위기의 식당에서 식재료 본연의 맛이 살아있는 음식을 천천히 음미합니다.","김연주 씨는 미혼이지만 집안의 어른이나 친인척과 함께 거주하는 가구주로서, 책임감 있는 성격답게 집안의 대소사를 챙기고 가족들의 생활 편의를 세심하게 관리합니다. 겉으로는 무뚝뚝하고 단호해 보일 때가 많지만, 가족들이 좋아하는 반찬을 기억해 챙겨두거나 조용히 용돈을 건네는 방식으로 애정을 표현합니다.","김연주 씨는 ICT 전문성을 외식 경영에 접목한 송파구 거주 40대 임원으로, 철저한 자기 관리와 데이터 기반의 사고방식을 가졌으나 빵과 게임이라는 소박한 취향을 지닌 인물입니다.","송파구 잠실 인근의 아파트 단지에 거주하며, 학창 시절 정보통신 기술의 급격한 성장기를 거치며 쌓은 디지털 감각을 외식업 경영이라는 현실적인 비즈니스에 접목해 살아갑니다.","데이터 분석을 통해 매장별 최적의 메뉴 구성을 도출하고, 효율적인 무인 주문 시스템과 물류 자동화 공정을 설계하여 운영 비용을 획기적으로 낮춥니다.","['외식업 디지털 전환 전략 수립', '고객 소비 패턴 데이터 분석', '스마트 스토어 운영 효율화', '푸드테크 기반 비용 최적화']","주말이면 친구들과 함께 제주도 오름을 오르며 풍경을 감상하고, 평일 저녁에는 집에서 콘솔 게임을 하거나 동네의 유명한 천연 발효종 빵집을 찾아다닙니다.","['닌텐도 스위치 시뮬레이션 게임', '석촌호수 주변 야간 산책', '전국 유명 베이커리 투어', '숲길 트레킹 및 자연 풍경 사진 촬영']",단순한 매출 증대를 넘어 기술을 통해 조리 인력의 노동 강도를 낮추고 서비스의 표준화를 이뤄내는 지속 가능한 외식업 생태계를 구축하고자 합니다.,여자,42,미혼,비현역,가구주+기타친인척,아파트,대학원,정보통신기술,기업 고위 임원,서울-송파구,서울,대한민국,40대,자차
8201d2396c1d47fe9ea2c381def7cf87,"송은정 씨는 도매업체 인사팀에서 근로기준법을 꼼꼼히 적용해 임금을 계산하고 노무 서류를 처리하지만, 정작 자신의 책상 위는 서류 뭉치가 제멋대로 쌓여 있을 만큼 정리정돈에 서툰 면이 있습니다. 특유의 넉살과 친화력으로 부서 간의 날 선 갈등이 생겼을 때 자연스럽게 분위기를 전환하며 중재하는 능력이 탁월합니다.","송은정 씨는 땀 흘리는 격렬한 운동보다는 주말 오후 올림픽공원 산책로를 천천히 걸으며 계절마다 변하는 나무의 색감을 관찰하고, 집에 돌아와 낮잠을 청하며 몸의 긴장을 푸는 시간을 가장 아낍니다.","송은정 씨는 베란다에 몬스테라와 아글라오네마를 빽빽하게 배치해 자신만의 작은 정글을 만들고, 가끔은 전시회 팸플릿을 챙겨 들고 이름 모를 신진 작가의 추상화 앞에서 한참을 서성이는 엉뚱한 상상을 즐깁니다.",송은정 씨는 마음 맞는 친구들과 함께 강원도나 남해의 한적한 숲길을 찾아가 멍하니 풍경을 바라보며 소소한 수다를 떠는 여행을 즐기며 그 속에서 예술적 영감을 얻습니다.,"송은정 씨는 일주일에 한 번 방이동 먹자골목의 단골 고깃집에서 지글거리는 삼겹살에 소주를 곁들이거나, 가끔은 집 근처 분식집에서 떡볶이와 꼬마김밥으로 간단히 끼니를 해결하며 소소한 행복을 느낍니다.","송은정 씨는 송파구 가락동 아파트에서 연로하신 어머니와 남편, 아이들까지 챙겨야 하는 다세대 가족의 중심축 역할을 하며, 가족들의 자잘한 불평 속에서도 특유의 낙천적인 성격으로 집안 분위기를 유연하게 이끕니다.","송은정 씨는 전문적인 인사 업무 능력과 풍부한 예술적 감수성을 동시에 지닌, 송파구에 거주하는 따뜻하고 유연한 성격의 49세 여성입니다.","송파구 가락동의 아파트에서 어머니와 자녀들을 챙기는 일상 속에서도, 가끔은 계획 없이 집 앞 올림픽공원 산책로를 걷거나 전시회를 찾아다니며 자신만의 예술적 감흥을 채우려 노력합니다.","도매업체 인사 담당자로 근무하며 복잡한 근로기준법 적용이나 임금 계산을 처리하고, 특유의 친화력으로 사내 갈등이 생겼을 때 중재자 역할을 자처하며 분위기를 유연하게 만듭니다.","['근로기준법 실무 적용', '급여 및 4대 보험 행정 처리', '사내 갈등 중재 및 소통', '노사 협의 지원 업무']","베란다에 작은 숲을 꾸며 몬스테라와 아글라오네마를 정성껏 가꾸고, 주말이면 친구들과 방이동 먹자골목의 단골 고깃집에서 소주 한 잔을 곁들이며 밀린 이야기를 나눕니다.","['베란다 정원 가꾸기', '방이동 먹자골목 맛집 탐방', '넷플릭스 예술 다큐멘터리 시청', '친구들과의 즉흥적인 근교 자연 여행']",지금의 직무에 안주하기보다 은퇴 후에는 소소하게 식물을 가꾸며 운영하는 작은 가드닝 카페나 공방을 열어 사람들과 교류하는 삶을 꿈꾸고 있습니다.,여자,49,배우자있음,비현역,배우자·자녀·어머니와 거주,아파트,4년제 대학교,경영·행정·법,인사 및 노무 사무원,서울-송파구,서울,대한민국,40대,자차
2de65b0b84b84b4dbf9e16688c666010,"오정원 씨는 송파구 일대 부동산 시장을 분석하며 동네의 고유한 분위기와 거주자의 심리를 읽어내는 컨설팅을 제공합니다. 부드러운 미소로 고객의 경계심을 허물고 정작 계약 조건에서는 논리적인 근거를 들이밀며 주장을 관철하지만, 가끔 세부 일정 관리를 놓쳐 당황하는 허술한 면이 있습니다.","오정원 씨는 평일 퇴근 후 석촌호수의 밤공기를 마시며 천천히 걷는 것으로 하루의 스트레스를 털어냅니다. 주말에는 남한산성 둘레길을 오르며 땀을 흘리고, 꼼꼼한 계획 없이 발길 닿는 대로 걷다가 예쁜 카페가 보이면 예정에 없던 휴식을 취합니다.","오정원 씨는 대학 시절 전공한 인문학적 지식을 바탕으로 교보문고 광화문점의 구석진 서가에서 희귀한 예술 서적을 찾아냅니다. 자신의 직관으로 작품을 해석하는 과정을 즐기며, 가끔 전시회 팸플릿을 꼼꼼히 모으는 수집벽이 있습니다.","오정원 씨는 가족들과 함께 전국 각지의 이름 없는 노포를 찾아다니는 식도락 여행을 떠납니다. 현지인들만 아는 낡은 골목의 맛집을 찾아내는 것에 성취감을 느끼며, 여행지에서 갑자기 마음이 바뀌면 즉석에서 목적지를 변경하는 즉흥적인 여정을 즐깁니다.","오정원 씨는 일주일에 두세 번 가족들과 외식을 하며, 특히 나물 반찬이 정갈하게 나오는 한정식집이나 불향 가득한 짜장면과 탕수육을 파는 오래된 중식당을 즐겨 찾습니다. 배달 음식은 한 달에 한 번 정도만 시키며, 분위기 좋은 곳에서 곁들이는 와인이나 전통주 한 잔으로 하루의 피로를 풉니다.","오정원 씨는 송파구 아파트에서 남편과 아이들을 키우며 일과 가정의 균형을 맞추기 위해 애쓰는 워킹맘입니다. 아이들과 함께 전시회를 가거나 산책하며 넓은 세상을 보여주려 노력하지만, 가끔 집안일의 세세한 부분을 잊어버려 남편과 가벼운 실랑이를 벌입니다.","오정원 씨는 인문학적 감성과 부동산 전문성을 결합해 자신만의 브랜드를 꿈꾸는, 송파구에 거주하는 40대 중반의 감각적인 컨설턴트입니다.","송파구 잠실 인근 아파트 단지에서 아이들을 키우며, 대학 시절 전공한 인문학적 소양을 일상 속 작은 전시 관람이나 서점 나들이로 이어갑니다. 사람들과 어울리는 것을 즐기면서도 자신만의 취향이 확고해, 거실의 조명 하나나 작은 소품 하나도 직접 고른 감각적인 물건들로 채워 넣는 습관이 있습니다.","부동산 시장의 흐름을 단순한 수치로 보지 않고 그 지역의 문화적 가치와 거주자의 심리를 읽어내어 맞춤형 전략을 제시합니다. 처음 만나는 고객과도 금방 친해지는 친화력을 갖췄으며, 협상 테이블에서는 부드러운 태도를 유지하면서도 논리적인 근거를 들어 자신의 주장을 정확하게 관철시킵니다.","['지역 상권 문화 분석', '공간 큐레이션 전략 수립', '고객 심리 기반 협상', '인문학적 관점의 부동산 컨설팅']","주말이면 가족들과 함께 전국의 숨은 노포를 찾아다니는 식도락 여행을 떠나며, 평일 저녁에는 석촌호수 산책길을 따라 걸으며 복잡한 생각을 정리합니다. 가끔은 남한산성 둘레길을 오르거나 잠실의 피부관리 숍에서 시간을 보내며 일상의 피로를 풉니다.","['전국 노포 맛집 탐방', '석촌호수 야간 산책', '남한산성 둘레길 등산', '프리미엄 에스테틱 관리', '가족 단위 캠핑']",정해진 매뉴얼대로 움직이는 관리자보다는 자신의 감각을 살려 독보적인 색깔을 가진 1인 컨설팅 브랜드를 구축하고 싶어 합니다. 당장의 높은 직함이나 권력보다는 일과 육아의 균형을 맞추며 업계에서 대체 불가능한 전문가로 인정받는 삶을 지향합니다.,여자,44,배우자있음,비현역,배우자·자녀와 거주,아파트,4년제 대학교,예술·인문,경영 컨설턴트,서울-송파구,서울,대한민국,40대,자차
747a91c6ee7a4a5d9831d0238481e0bc,"정신애 씨는 송파구의 한 소매업체 사무실에서 엑셀 시트의 셀 하나, 숫자 하나까지 집요하게 맞춰 정산 서류를 정리하며, 동료들이 놓친 정부 지원금이나 건강보험 혜택을 꼼꼼히 찾아 알려주는 살림꾼 역할을 합니다.","정신애 씨는 가락동 동네 배드민턴 동호회 회원들과 셔틀콕을 주고받으며 땀을 흘리는 시간에 가장 큰 활력을 느끼고, 가끔은 집 앞 공원에서 줄넘기를 하며 숨을 몰아쉽니다.","정신애 씨는 가족들과 함께 코인 노래방을 찾아 임영웅의 노래를 목청껏 부르며 스트레스를 풀고, 주말 오후에는 조용히 만화책을 읽으며 현실과는 다른 세상에 잠시 빠져드는 시간을 즐깁니다.",정신애 씨는 복잡한 관광지 순례보다는 가족들과 함께 강원도 양양의 한적한 펜션에 머물며 아무런 계획 없이 푹 쉬는 휴양 여행을 가장 소중하게 여깁니다.,"정신애 씨는 일주일에 네다섯 번은 떡볶이나 김밥 같은 분식 배달로 끼니를 해결하고, 외식을 할 때는 나물 비빔밥이나 청국장 같은 소박한 한식당을 찾아 가벼운 반주를 곁들입니다.","정신애 씨는 가락동 골목 이웃들에게 직접 만든 깻잎장아찌를 나누어 주며 정을 나누고, 집에서는 남편과 자녀들의 건강 상태를 보건복지 전공자의 시선으로 세밀하게 챙기는 다정한 어머니이자 아내입니다.","정신애 씨는 송파구에서 성실하게 사무 보조원으로 일하며 가족과 이웃을 살뜰히 챙기지만, 식습관과 건강 관리 사이에서 끊임없이 갈등하는 40대 여성입니다.","송파구 가락동의 다세대 주택가에서 이웃들과 반찬을 나누며 정을 쌓아왔습니다. 대학 시절 보건복지학을 공부하며 체득한 타인에 대한 배려심이 몸에 배어 있어, 주변의 어려움을 그냥 지나치지 못하고 살뜰히 챙기는 성격입니다.",소매업체의 복잡한 입출고 내역과 정산 서류를 단 하나의 오차도 없이 엑셀로 구조화하여 관리합니다. 보건복지 전공 지식을 바탕으로 동료들의 건강보험 혜택이나 정부 지원금을 찾아주는 등 실무적인 도움을 줍니다.,"['엑셀을 활용한 정밀한 재고 및 매출 정산', '보건복지 관련 행정 서류 작성 및 검토', '갈등 상황을 유연하게 중재하는 커뮤니케이션', '효율적인 사무실 비품 및 일정 관리']","동네 배드민턴 동호회에서 셔틀콕을 주고받으며 스트레스를 풀고, 가끔은 가족들과 함께 노래방에서 최신 트로트를 부르며 흥을 돋웁니다. 주 5회 가까이 배달 음식으로 끼니를 해결하는 편이지만, 혈압 관리를 위해 매일 저녁 헬스장에서 느릿하게라도 러닝머신을 걷습니다.","['송파구 지역 배드민턴 클럽 활동', '동네 목욕탕과 사우나에서 즐기는 휴식', '가족과 함께하는 노래방 방문', '배달 앱을 활용한 전국 맛집 메뉴 탐방', '혈압 관리를 위한 헬스장 유산소 운동']",현재 맡은 사무 보조 업무에서 대체 불가능한 꼼꼼함을 인정받으며 안정적인 생활을 유지하는 것에 만족합니다. 먼 미래에는 전공을 살려 지역 사회복지관에서 정기적인 봉사 활동을 하며 소소한 보람을 찾는 삶을 꿈꿉니다.,여자,47,배우자있음,비현역,배우자·자녀와 거주,다세대주택,4년제 대학교,보건·복지,사무 보조원,서울-송파구,서울,대한민국,40대,지하철
a28146c12b0044f0a210ae5b0141d13f,"지하수 씨는 제작진과 출연진의 팽팽한 기싸움 속에서 서비스 전공 시절 배운 유연한 태도로 중심을 잡으며 대본을 완성합니다. 마감 시간이 턱밑까지 차오르면 날카롭게 핵심 갈등을 짚어내 장면을 구성하지만, 정작 본인의 일상은 정돈되지 못한 채 흐트러지는 경향이 있습니다.",지하수 씨는 평창의 전나무 숲길처럼 조용한 자연 속을 천천히 걷는 것으로 몸과 마음의 긴장을 풉니다. 평소에는 활동량이 적어 집 안에서 낮잠을 자거나 정적인 휴식을 취하며 체력을 비축하는 편입니다.,지하수 씨는 잠실 롯데콘서트홀의 웅장한 선율 속에 파묻혀 복잡한 머릿속을 비워내며 새로운 이야기의 영감을 얻습니다. 머리를 써야 하는 일에서 완전히 벗어나고 싶을 때는 자극적인 모바일 게임에 몰두하며 잡념을 지우는 의외의 습관이 있습니다.,지하수 씨는 주말이면 자녀의 손을 잡고 탁 트인 자연 풍경을 찾아 떠나며 일상에서 쌓인 정서적 허기를 채웁니다. 화려한 관광지보다는 숲이나 바다처럼 시야가 넓어지는 장소를 골라 조용히 풍경을 감상하는 시간을 소중히 여깁니다.,지하수 씨는 퇴근길 집 앞 빵집에서 갓 구운 소금빵을 사 들고 들어가는 소소한 기쁨으로 하루를 마무리합니다. 정갈한 보리밥 정식집이나 분위기 좋은 파스타 가게를 찾아다니며 주 4회 이상 외식을 즐기며 스트레스를 해소합니다.,"지하수 씨는 이혼 후 혼자서 아이를 키우며 가장으로서의 무게감을 짊어지고 있지만, 아이 앞에서는 최대한 유연하고 다정한 엄마의 모습을 유지하려 애씁니다. 때로는 아이에게 쏟는 정성과 자신의 예민한 작가적 성격이 충돌해 말없이 창밖을 응시하며 혼자만의 동굴로 숨어버리곤 합니다.","지하수 씨는 송파구에서 아이를 키우며 치열하게 대본을 쓰는 현실적인 작가이자, 예술적 감성과 생활인의 책임감 사이에서 균형을 잡으려 노력하는 40대 여성입니다.","송파구 석촌호수 근처 아파트에서 자녀와 함께 지내며, 퇴근길에 집 앞 빵집에서 갓 구운 소금빵을 사 들고 들어가는 일상을 보냅니다. 혼자 가정을 책임지는 무게감과 작가라는 직업의 예민함이 섞여, 가끔은 말없이 멍하니 창밖을 보는 시간이 꼭 필요합니다.","시청자의 반응을 즉각적으로 대본에 반영하는 감각이 탁월하며, 서비스 전공 시절 익힌 유연함으로 까다로운 제작진과 출연진 사이의 의견을 매끄럽게 조율합니다. 마감 압박이 심한 상황에서도 핵심 갈등을 빠르게 설정해 장면을 구성하는 능력이 좋습니다.","['시놉시스 구성', '캐릭터 대사 집필', '제작비 맞춤형 씬 설계', '현장 대본 수정', '시청률 데이터 분석']","잠실 롯데콘서트홀에서 연주회를 관람하며 복잡한 생각을 정리하고, 심한 스트레스를 받은 날에는 침대에 누워 모바일 게임을 하며 잡념을 없앱니다. 주말에는 가족과 함께 평창의 전나무 숲길을 걷거나, 정갈한 보리밥 정식집 또는 분위기 있는 파스타 가게를 찾아다닙니다.","['클래식 공연 관람', '모바일 게임', '전나무 숲 산책', '파스타 맛집 탐방', '에스테틱 피부 관리']",대중이 공감할 수 있는 현실적인 이야기를 꾸준히 써내며 업계에서 대체 불가능한 작가로 남기를 바랍니다. 건강과 심리적 안정을 챙길 수 있는 효율적인 작업 시스템을 구축해 오랫동안 집필 활동을 이어가고 싶어 합니다.,여자,46,이혼,비현역,기타2세대,아파트,4년제 대학교,서비스,방송 및 시나리오 작가,서울-송파구,서울,대한민국,40대,지하철
1ae890fd17ba424abb064509b195b0d6,"박기영 씨는 학교 급식실에서 수백 명분의 제육볶음을 볶아내며 식재료의 숨이 죽는 찰나를 본능적으로 잡아내는 베테랑 조리사입니다. 가끔 갑작스러운 식단 변경이나 까다로운 위생 검수에 가슴이 두근거리는 긴장감을 느끼지만, 정갈한 수제 반찬 가게를 차려 동네 사람들과 마주 앉는 미래를 그리며 하루의 고단함을 견딥니다.",박기영 씨는 격렬한 운동보다는 오후의 짧은 낮잠이나 가벼운 동네 산책으로 몸의 긴장을 푸는 방식을 택합니다. 거창한 헬스장 등록보다는 집 근처 가락시장 주변을 천천히 걸으며 제철 식재료를 구경하는 것으로 하루의 활동량을 채우며 소소한 활력을 얻습니다.,"박기영 씨는 스마트폰 속에 소중하게 저장된 가족 사진과 풍경 사진을 정리하며 소소한 성취감을 느끼고, 유명 뷰티 유튜버의 화장법을 따라 하며 자신만의 분위기를 가꿉니다. 가끔은 지역 문화센터의 원데이 클래스에 참여해 손끝으로 만드는 공예의 즐거움을 만끽하며 정서적 허기를 채웁니다.",박기영 씨는 복잡한 일정표 없이 제주도의 조용한 펜션이나 강원도 양양의 바다가 보이는 숙소에서 온종일 뒹굴거리는 휴양 여행을 즐깁니다. 마음 맞는 고향 친구들과 함께 지역 맛집을 찾아다니며 그동안 쌓인 속내를 털어놓는 시간이 그녀에게는 가장 큰 치유의 순간이 됩니다.,"박기영 씨는 급식실에서는 대량의 나물을 무치지만, 정작 주말이면 잠실의 단골 일식집에서 정갈하게 놓인 초밥 한 점의 미학을 즐깁니다. 배달 음식보다는 직접 고른 신선한 재료로 만든 집밥을 선호하면서도, 일식당의 정교한 플레이팅을 보며 훗날 자신의 반찬 가게에 적용할 아이디어를 수첩에 메모합니다.","박기영 씨는 가락동 아파트 단지에서 남편과 아이들을 키우며 이웃들과 떡을 나눠 먹는 끈끈한 정을 소중히 여기는 다정한 어머니입니다. 가족을 향한 애정이 깊어 가끔은 과도한 걱정과 간섭으로 잔소리가 길어지기도 하지만, 결국 따뜻한 찌개 한 냄비로 모든 갈등을 덮어버리는 포용력을 가졌습니다.","박기영 씨는 송파구에서 자가를 보유한 채 학교 급식 조리사로 일하며, 정겨운 이웃 관계와 소소한 미식의 즐거움을 통해 삶의 안정을 찾는 40대 여성입니다.","송파구 가락동 아파트 단지에서 오랫동안 거주하며 이웃들과 끈끈한 정을 나누어 왔고, 정규 교육 과정보다는 현장에서의 경험과 생활 지혜를 통해 세상을 배워온 삶의 궤적을 가지고 있습니다.","학교 급식실에서 수백 명분량의 대용량 제육볶음이나 나물 무침의 간을 기가 막히게 맞추는 숙련된 손맛을 보유하고 있으며, 식재료의 상태만으로도 당일 조리 시간을 정확히 예측합니다.","['대용량 한식 조리 기술', '제철 식재료 선별 및 손질', '대규모 급식 배식 관리', '전통 장류 활용 비법']","주말이면 잠실 인근의 단골 일식집에서 정갈한 초밥을 즐기며 친구들과 밀린 이야기를 나누고, 평일 오후에는 좋아하는 뷰티 유튜버의 영상을 보며 짧은 낮잠으로 일주일의 피로를 풉니다.","['유튜브 뷰티 영상 시청', '잠실 일식 맛집 탐방', '동네 지인들과의 정기 사교 모임', '오후의 짧은 낮잠']","현재의 안정적인 직장 생활에 만족하면서도, 언젠가 작은 공간을 빌려 정갈한 수제 반찬을 판매하며 동네 사람들과 소소하게 소통하는 삶을 꿈꿉니다.",여자,42,배우자있음,비현역,배우자·자녀와 거주,아파트,중학교,해당없음,한식 조리사,서울-송파구,서울,대한민국,40대,도보
ee3d920e61414521bea33d7e6f3f1b70,"조옥향 씨는 방대한 교육 이론을 일목요연한 도표와 핵심 요약문으로 구조화하는 능력이 탁월하며, 현재는 송파구 자택 서재에서 자신만의 철학이 담긴 맞춤형 교육 컨설팅 모델을 설계하며 완벽한 사업 런칭 시점을 가늠하고 있습니다.","조옥향 씨는 땀 흘리는 격렬한 운동보다는 정기적으로 방문하는 사우나에서 몸의 긴장을 푸는 시간을 소중히 여기며, 집 안의 가구 위치를 세밀하게 조정하고 옮기는 과정에서 은근하게 체력을 소모합니다.","조옥향 씨는 거실 스탠드 조명의 각도를 미세하게 조정해 최적의 독서 조도를 맞추는 데 집착하며, 송리단길 구석구석에 숨은 베이커리의 진열 방식과 빵의 색감을 유심히 관찰하고 기록합니다.","조옥향 씨는 마음 맞는 친구들과 함께 교육 세미나나 해외 시찰 여행을 떠나 꼼꼼하게 작성한 일정표에 따라 움직이며, 방문하는 도시의 정돈된 도서관이나 대학 캠퍼스를 찾아다니며 영감을 얻습니다.","조옥향 씨는 배달 앱을 거의 사용하지 않은 채 직접 발걸음을 옮겨 나물 반찬이 정갈하게 나오는 한정식 집을 찾고, 겉은 바삭하고 속은 촉촉한 치아바타를 갓 구워낸 시간에 맞춰 구매해 옵니다.","조옥향 씨는 송파구의 조용한 주택가에 위치한 오래된 단독주택에서 혼자만의 고요를 만끽하며, 누구의 방해도 받지 않는 온전한 독립 공간을 자신의 취향대로 세심히 가꾸고 관리합니다.",조옥향 씨는 지적인 절제미와 체계적인 생활 습관을 갖춘 채 송파구 단독주택에서 자신만의 속도로 일상을 정돈하며 미래의 교육 연구실을 꿈꾸는 40대 여성입니다.,"송파구의 한적한 주택가에서 오래된 단독주택을 직접 관리하며 삽니다. 교육학 석사 과정까지 밟으며 형성된 지적인 절제미와 정돈된 생활 양식을 가지고 있으며, 조용한 골목의 정취를 즐깁니다.",방대한 양의 교육 자료를 논리적인 순서로 구조화하여 핵심 내용을 뽑아내는 분석력이 뛰어납니다. 정해진 일정과 계획을 빈틈없이 수행하며 결과물의 완성도를 높이는 책임감이 강합니다.,"['학습 커리큘럼 설계', '학술 텍스트 구조 분석', '효율적인 공간 관리', '논리적 문서 작성']","송리단길 주변의 숨은 베이커리를 찾아다니며 겉바속촉한 치아바타를 고르고, 집 안의 조명과 가구 위치를 세밀하게 조정해 최적의 휴식 공간을 만듭니다. 동네 사우나에서 땀을 푹 빼고 나와 마시는 시원한 식혜 한 잔에서 소소한 행복을 느낍니다.","['천연 발효종 빵집 탐방', '단독주택 셀프 인테리어', '사우나와 반신욕', '제철 나물 위주의 한식 식당 방문', '교육 관련 전문 서적 탐독']","현재는 경제 활동을 쉬고 있지만, 그동안 쌓아온 교육적 전문성을 바탕으로 나중에 소규모의 맞춤형 교육 컨설팅이나 개인 연구실을 운영하는 구상을 하고 있습니다.",여자,44,미혼,비현역,혼자 거주,단독주택,대학원,교육,무직,서울-송파구,서울,대한민국,40대,버스
1d542680bd67404a9d3721b387466fec,"이미나 씨는 송파구의 한 어린이집에서 아이들의 갑작스러운 짜증을 능숙하게 달래는 20년 차 보육교사로, 까다로운 학부모들의 요구사항마저 유연하게 조율하는 베테랑입니다. 다만 새로 도입된 태블릿 기반의 보육 일지 작성 시스템 앞에서는 한참을 망설이다가 결국 젊은 보조 교사에게 슬쩍 도움을 요청하며 멋쩍게 웃곤 합니다.",이미나 씨는 주말마다 석촌호수의 벚꽃길이나 단풍길을 느릿하게 걸으며 복잡한 머릿속을 정리하는 시간을 가집니다. 한 주 동안 아이들과 씨름하며 쌓인 육체적 피로는 동네 단골 사우나의 뜨끈한 온탕과 세신사의 거친 때밀이 서비스로 말끔히 씻어냅니다.,이미나 씨는 퇴근 후 거실 소파에 누워 '미스터트롯' 같은 음악 프로그램을 보며 좋아하는 가수를 응원하는 소소한 즐거움에 빠져 있습니다. 가끔 친구들과 코인 노래방에 가면 최신 곡보다는 90년대 그룹 쿨이나 조성모의 노래를 열창하며 그 시절의 풋풋한 감성에 젖어듭니다.,이미나 씨는 여행을 떠날 때 화려한 관광지보다는 강원도 양양이나 제주도의 조용한 펜션을 예약해 가족들과 함께 뒹굴거리는 휴양을 즐깁니다. 짐을 쌀 때면 혹시 모를 상황에 대비해 소화제와 지사제 등 상비약을 종류별로 챙기는 보건복지 전공자다운 꼼꼼함을 보입니다.,이미나 씨는 2주에 한 번 정도 동료들과 함께 가락시장의 질 좋은 한우 구이를 먹으며 업무 스트레스를 풉니다. 배달 음식은 한 달에 한 번 정도 기분 전환 삼아 팟타이나 똠양꿍 같은 태국 요리를 시켜 먹으며 집 안에서 이국적인 분위기를 냅니다.,"이미나 씨는 미혼이지만 함께 사는 형제들의 크고 작은 고민을 들어주고 집안의 대소사를 결정하는 든든한 버팀목 역할을 수행합니다. 가끔은 동생들의 철없는 행동에 버럭 화를 내기도 하지만, 정성스럽게 끓인 된장찌개를 식탁에 올리며 말없이 화해의 손길을 내밉니다.","이미나 씨는 송파구에서 형제들을 부양하며 아이들을 사랑으로 돌보는 보육교사이자, 아날로그의 따뜻함과 디지털의 편리함 사이에서 균형을 찾는 40대 여성입니다.","송파구 석촌호수 인근 아파트에서 형제들과 함께 거주하며 실질적인 가계 운영을 도맡고 있습니다. 90년대 대학 시절의 아날로그적 감성을 간직하면서도 스마트폰 뱅킹과 메신저를 능숙하게 사용하는 세대적 특성을 보이며, 보건복지 전공자로서 주변 이웃의 건강이나 복지 혜택에 관심이 많습니다.","아이들의 갑작스러운 짜증이나 돌발 행동을 유연하게 달래는 능력이 뛰어나며, 까다로운 학부모들의 요구사항을 부드럽게 조율해 원만한 관계를 유지합니다. 보건복지 전공 지식을 바탕으로 아이들의 영양 상태나 기초 건강 징후를 빠르게 포착해 적절한 조치를 취합니다.","['영유아 발달 단계별 맞춤 돌봄', '학부모 상담 및 갈등 중재', '기초 보건 위생 및 영양 관리', '놀이 중심 교육 프로그램 운영']",주말이면 석촌호수 둘레길을 천천히 걷거나 동네 단골 사우나에서 온탕에 몸을 담그며 일주일의 피로를 씻어냅니다. 가끔 고등학교 동창들과 만나 삼겹살에 소주 한 잔을 곁들이며 소소한 일상을 나누는 시간을 가장 아낍니다.,"['석촌호수 산책로 걷기', '동네 목욕탕 온탕 입욕', '고등학교 동창 모임 및 음주', '반려견과 함께 거실에서 TV 시청', '가족과 함께 떠나는 국내 휴양지 여행']","현재의 안정적인 근무 환경을 유지하면서, 정서 발달에 도움이 되는 새로운 교구 활용법을 익혀 동료 교사들에게 신뢰받는 베테랑으로 남고자 합니다. 다만 급격한 행정 시스템의 디지털 전환에는 적응 시간이 다소 걸려 남몰래 애를 먹곤 합니다.",여자,47,미혼,비현역,형제자매와 동거 (가구주),아파트,4년제 대학교,보건·복지,보육교사,서울-송파구,서울,대한민국,40대,버스
c30a179326734ee08cf1656a4afb8cda,송지원 씨는 환자의 진료 기록에서 찰나의 순간에 핵심 진단명을 찾아내는 예리한 감각을 가진 의무 기록사입니다. 송지원 씨는 복잡한 병원 행정 매뉴얼을 실무자가 한눈에 이해하도록 단순하게 뜯어고치며 팀 내에서 없어서는 안 될 실무적인 해결사로 통합니다.,송지원 씨는 동네 수영장에서 거칠게 물살을 가르며 머릿속을 가득 채운 직장 내 갈등과 불안을 강제로 비워냅니다. 송지원 씨는 주말이면 남편의 손을 잡고 올림픽공원의 숲길을 느릿하게 걸으며 계절이 바뀌는 냄새를 맡는 것으로 심리적 허기를 채웁니다.,송지원 씨는 거실 소파에 파묻혀 유튜브의 인테리어 브이로그를 보며 남의 집 정갈한 공간을 구경하는 것으로 대리 만족을 느낍니다. 송지원 씨는 넷플릭스에서 최신 범죄 스릴러 시리즈를 정주행하며 현실의 답답함을 잠시 잊고 극 중 전개에 몰입하는 시간을 즐깁니다.,송지원 씨는 가족들과 함께 전국의 유명한 온천이나 해수욕장을 찾아가 아무것도 하지 않고 멍하게 쉬는 휴양 여행을 선호합니다. 송지원 씨는 빽빽한 일정표 대신 그날의 기분에 따라 발길 닿는 대로 움직이는 느슨한 여행 경로를 짭니다.,"송지원 씨는 가락시장에서 갓 들어온 제철 나물을 골라 정성껏 무쳐내는 소박한 한식 밥상을 차려 가족에게 대접합니다. 송지원 씨는 주말 저녁이면 분위기 좋은 양식당에서 파스타와 와인을 곁들이며 일주일의 고단함을 씻어내고, 보름에 한 번 정도는 배달 앱으로 간편하게 끼니를 해결합니다.",송지원 씨는 보건직으로서의 엄격한 모습과 달리 집에서는 아이들의 장난감이 여기저기 흩어져 있는 무질서한 상태를 편안하게 받아들입니다. 송지원 씨는 아이들이 성장함에 따라 엄마로서 함께 보낼 수 있는 시간을 확보하기 위해 직장에서 유연한 근무 환경을 만드는 것을 최우선 과제로 삼고 있습니다.,"송지원 씨는 송파구에서 고소득 의무 기록사로 일하며, 일터의 완벽주의와 집안의 느슨함 사이에서 아슬아슬한 균형을 잡으며 살아가는 40대 여성입니다.","송지원은 석촌호수 산책로의 계절 변화를 살피며 마음을 가라앉히고, 주말이면 가락시장에서 제철 나물을 사와 정갈한 밥상을 차려 가족과 나눕니다. 보건 행정직으로 일하며 겪는 높은 긴장감을 집안의 완벽한 정리보다는 적당히 흩어진 편안한 무질서 속에서 해소하며 살아갑니다.","복잡한 환자 진료 기록에서 핵심 진단명을 빠르게 찾아내어 분류하고, 법적 기준에 맞게 차트를 정밀하게 검수하는 능력이 탁월합니다. 병원 내 행정 시스템의 오류를 찾아내어 실무자가 바로 사용할 수 있게끔 매뉴얼을 단순하게 수정하는 일에 능숙합니다.","['질병분류코드 정확한 매칭', '전자의무기록 시스템 최적화', '의료 법규 준수 검토', '환자 개인정보 보호 관리']","퇴근 후 거실 소파에 기대어 유튜브의 인테리어 브이로그를 보며 멍하게 시간을 보내거나, 주말에는 남편과 함께 올림픽공원 숲길을 천천히 걷습니다. 가끔씩 찾아오는 불안감을 털어내기 위해 동네 수영장에서 물살을 가르며 잡생각을 없애고, 저녁에는 시원한 캔맥주 한 캔과 함께 넷플릭스 시리즈를 정주행합니다.","['올림픽공원 숲길 산책', '동네 수영장 자유 수영', '넷플릭스 드라마 정주행', '강원도 양양 가족 휴양 여행', '가벼운 배드민턴 경기']",현재의 안정적인 소득 수준을 유지하면서 업무 스트레스를 줄일 수 있는 효율적인 프로세스를 구축해 팀 내에서 대체 불가능한 실무자로 인정받고 싶어 합니다. 무리한 직급 상승보다는 아이들이 성장함에 따라 근무 시간을 유연하게 조절할 수 있는 환경을 만드는 것에 집중합니다.,여자,40,배우자있음,비현역,배우자·자녀와 거주,아파트,2~3년제 전문대학,해당없음,의무 기록사,서울-송파구,서울,대한민국,40대,복합수단
5dc6b8b124344cbd82617285f58f9ca5,"김영훈 씨는 공사 현장의 굴착기 소음만 듣고도 장비의 이상 유무를 정확히 맞히는 베테랑이며, 거친 성격의 현장 반장들과 깐깐한 본사 관리직 사이에서 능청스럽게 농담을 던져 갈등을 잠재우는 능숙한 중재자입니다. 무사고 준공이라는 실무적 성과를 인생의 훈장처럼 여기며 정년퇴직 날까지 묵묵히 자리를 지키는 것에 가치를 둡니다.","김영훈 씨는 주말이면 낡은 등산화를 신고 남한산성 둘레길의 흙냄새를 맡으며 땀을 흘리고, 평일 저녁에는 가벼운 조깅으로 하루의 긴장을 털어냅니다. 가끔은 거실 소파에 누워 스마트폰으로 최신 모바일 게임의 순위 경쟁에 몰입하며 승부욕을 불태우는 의외의 면모를 보입니다.",김영훈 씨는 한 달에 한 번 아내의 손을 잡고 대학로 소극장을 찾아 배우들의 숨소리가 들리는 연극을 관람하며 굳어있던 감수성을 깨웁니다. 퇴근길 차 안에서는 80년대 가요 톱10 노래들을 크게 따라 부르며 젊은 날의 낭만을 추억하는 시간을 즐깁니다.,김영훈 씨는 화려한 도시 관광보다는 강원도 인제의 자작나무 숲이나 담양의 메타세쿼이아 길처럼 초록빛이 가득한 곳으로 떠나 멍하게 풍경을 바라보는 시간을 선호합니다. 고등학교 동창들과 함께 떠난 여행지에서 옛날 이야기를 나누며 소주잔을 기울이는 것이 그에게는 최고의 휴식입니다.,김영훈 씨는 보름에 한 번 가족들과 함께 동네 단골 식당에서 구수한 청국장이나 나물 비빔밥을 먹으며 소박한 한 끼를 즐깁니다. 가끔 기분 전환이 필요할 때는 짜장면과 탕수육이 나오는 중식당을 찾아 기름진 맛으로 일상의 스트레스를 풉니다.,김영훈 씨는 송파구 아파트 거실에서 아이들이 재잘거리는 소리를 배경 삼아 텔레비전 뉴스를 보는 시간을 가장 안락하게 여깁니다. 평소에는 무뚝뚝한 아버지처럼 굴다가도 자녀들이 좋아하는 닭강정이나 디저트를 몰래 사 들고 들어오는 츤데레 같은 다정함을 지녔습니다.,"김영훈 씨는 송파구에 터를 잡고 건설 현장을 누비는 베테랑 관리자로, 가족에 대한 책임감과 소박한 일상의 평온함을 소중히 여기는 온화한 성품의 중년 남성입니다.","송파구 석촌호수 주변의 익숙한 산책로를 매일 걸으며 일상의 평온함을 유지하고, 가족과 함께하는 안락한 아파트 생활에서 정서적 안정을 찾습니다.","현장 소음만 들어도 장비의 이상 유무를 직감하며, 거친 성격의 현장 인부들과 본사 관리직 사이의 갈등을 부드럽게 중재해 공사 기간을 맞춥니다.","['토목 설계 도면 정밀 해석', '현장 안전 관리 및 위험 요소 사전 제거', '하도급 업체 간 이해관계 조정 및 협상', '공정 스케줄 최적화 및 자원 배분']","혈압 관리를 위해 주말마다 남한산성 둘레길을 오르고, 가끔 아내와 함께 대학로 소극장에서 연극을 관람하며 일상의 긴장을 해소합니다.","['남한산성 등산 및 풍경 감상', '석촌호수 러닝', '대학로 소극장 연극 관람', '동네 중식당 짬뽕 맛집 탐방', '단순한 모바일 퍼즐 게임']","무사고 준공이라는 실무적 성과를 통해 후배들에게 믿음직한 선배로 기억되며, 정년까지 큰 굴곡 없이 안정적으로 직장 생활을 마무리하는 것에 집중합니다.",남자,56,배우자있음,비현역,배우자·자녀와 거주,아파트,2~3년제 전문대학,해당없음,토목 관련 관리자,서울-송파구,서울,대한민국,50대,자차
9f9c22d80d05460ebcbcedc120b68887,권준용 씨는 교육 출판사에서 수십 년간 강사들의 까다로운 일정을 조율하며 엑셀 시트 하나에 모든 변수를 완벽하게 녹여내는 실무의 달인입니다. 권준용 씨는 개성 강한 저자들 사이의 신경전을 유연하게 중재하며 정년까지 무탈하게 완주하려는 안정적인 직장 생활을 이어가고 있습니다.,권준용 씨는 주말이면 송파구민 체육센터에서 땀을 뻘뻘 흘리며 배드민턴 셔틀콕을 주고받는 시간에서 살아있음을 느낍니다. 권준용 씨는 체중 때문에 무릎이 뻐근할 때면 집 앞 공원에서 천천히 줄넘기를 하며 나름의 체력 관리를 실천하고 있습니다.,권준용 씨는 거실 소파에 깊숙이 파묻혀 '나 혼자 산다' 같은 예능 프로그램을 몰아보며 깔깔거리는 시간으로 하루의 피로를 풉니다. 권준용 씨는 유튜브에서 백종원 레시피를 찾아보며 정성스럽게 나물 무침을 무치거나 된장찌개를 끓이는 소소한 창작 활동에 몰입합니다.,권준용 씨는 가족들과 함께 서울 시티투어 버스를 타고 덕수궁 돌담길이나 북촌 한옥마을의 숨은 명소를 찾아다니는 나들이를 즐깁니다. 권준용 씨는 낯선 해외 여행지의 소란함보다 익숙한 서울 도심의 세련된 풍경을 천천히 훑어보는 여유로운 여행 방식을 고수합니다.,"권준용 씨는 2주에 한 번 정도 가락시장 근처의 정갈한 보리밥집에서 나물 비빔밥을 먹거나, 가끔 분위기 좋은 이탈리안 레스토랑에서 진한 까르보나라 파스타를 즐깁니다. 권준용 씨는 배달 앱으로 음식을 시킬 때도 신중하게 리뷰를 읽으며 실패 없는 선택을 하려는 꼼꼼한 식습관을 가지고 있습니다.","권준용 씨는 송파구 아파트에서 홀로 지내며 정돈된 고독을 즐기지만, 명절이나 휴일이면 가족들과 끈끈하게 교류하며 정서적 유대감을 채웁니다. 권준용 씨는 혼자만의 공간이 주는 평온함을 사랑하면서도, 가족들과 함께하는 식사 자리에서는 특유의 넉살로 분위기를 주도하며 존재감을 드러냅니다.","권준용 씨는 송파구에 자가를 보유한 성실한 교육 출판사 직원으로, 건강 관리의 필요성을 느끼면서도 소소한 일상의 즐거움과 가족과의 유대를 소중히 여기는 50대 미혼 남성입니다.","송파구 가락동 근처 아파트에서 혼자 지내며, 젊은 시절부터 성실하게 모은 돈으로 마련한 내 집의 안락함과 정돈된 일상을 중요하게 여깁니다. 학위보다는 실전 경험을 쌓아온 세대로서, 화려한 이론보다 몸으로 익힌 삶의 요령과 적당한 사회적 체면을 유지하는 것을 선호합니다.","교육 출판사에서 수십 년간 강사 섭외와 커리큘럼 일정 관리를 도맡아 하며, 복잡한 행정 절차를 실수 없이 처리하는 꼼꼼한 업무 처리 능력을 갖췄습니다. 특히 다양한 성향의 저자와 강사들 사이에서 갈등을 중재하고 원만한 합의점을 찾아내는 능숙한 소통 방식이 강점입니다.","['강사 스케줄 최적화 관리', '교육 과정 행정 서류 작성', '저자 및 외부 강사 커뮤니케이션', '출판물 제작 공정 일정 조율']","주말이면 송파구민 체육센터에서 배드민턴 셔틀콕을 주고받으며 땀을 흘리고, 집에서는 유튜브에서 본 레시피대로 나물 무침이나 된장찌개를 정성껏 끓여 먹는 시간을 즐깁니다. 가끔은 거실 소파에 누워 밀린 예능 프로그램을 몰아보거나, 가족들과 함께 서울 시내의 숨은 명소를 찾아다니는 시티투어에 소소한 행복을 느낍니다.","['구민 체육센터 배드민턴 동호회 활동', '유튜브 레시피를 활용한 건강식 요리', '서울 도심 명소 탐방 및 시티투어', '넷플릭스 다큐멘터리 시청']","현재의 직무에서 누구도 대체할 수 없는 숙련된 실무자로 남아 정년까지 무탈하게 완주하는 것을 최우선으로 생각합니다. 후배들에게는 까다롭지만 믿고 맡길 수 있는 선배로 기억되고 싶어 하며, 은퇴 후에는 소소하게 자신의 취미를 살린 작은 관리직 일을 고민하고 있습니다.",남자,50,미혼,비현역,혼자 거주,아파트,고등학교,해당없음,교육 및 훈련 사무원,서울-송파구,서울,대한민국,50대,자차
8b8b5cb22a714a99a0b5e63e4a6075ff,"안진욱 씨는 송파구의 한 사업지원센터에서 수화기 너머 들려오는 거친 숨소리만으로도 민원인의 분노 수치를 읽어내며, 능글맞으면서도 차분한 말투로 상대의 화를 잠재우는 베테랑 상담원입니다. 다만 업무 외적인 서류 정리나 행정 처리에서는 덜렁거리는 면이 있어 동료들의 도움을 종종 받습니다.","안진욱 씨는 주말이면 가평의 푸른 필드로 나가 친구들과 함께 골프채를 휘두르며 땀을 흘리고, 평소에는 거실 소파에 누워 텔레비전 중계로 스포츠 경기를 관람하며 소리를 지르는 시간을 즐깁니다. 체격에 비해 유연함은 부족하지만, 사람들과 어울려 운동하는 분위기 자체에서 살아있음을 느낍니다.",안진욱 씨는 퇴근길에 우연히 들른 코인 노래방에서 조용필이나 이문세의 80년대 히트곡을 목청껏 부르며 가슴 속 응어리를 털어냅니다. 평소에는 잔잔한 음악을 틀어놓고 낮잠을 자거나 석촌호수 산책로를 걸으며 마음을 정리하는 정적인 시간을 보냅니다.,안진욱 씨는 친한 친구들과 충청도나 강원도의 온천 지대를 찾아가 뜨끈한 물에 몸을 담그고 그동안 못다 한 인생 이야기를 나누며 시간을 보냅니다. 화려한 관광지 순례 대신 몸의 긴장을 풀고 정신적인 휴식을 취할 수 있는 스파 중심의 일정으로 여행을 다닙니다.,"안진욱 씨는 일주일에 대여섯 번은 밖에서 끼니를 해결하며, 특히 단골 일식집에서 두툼하게 썰어낸 모듬 사시미와 시원한 냉소바를 즐겨 먹습니다. 가끔 기운이 없을 때는 동네 고깃집에서 지글지글 익어가는 삼겹살에 쌈을 크게 싸서 입안 가득 넣으며 하루의 피로를 씻어냅니다.","안진욱 씨는 이혼 후 혼자 아이들을 키우며 겪은 세월의 무게만큼 타인의 아픔에 깊이 공감하며, 석촌호수 산책길에 자녀들의 사소한 고민을 묵묵히 들어주는 다정한 아버지입니다. 하지만 때로는 아이들의 작은 투정에도 마음이 쉽게 무너져 혼자 방에서 깊은 한숨을 내쉬는 여린 구석이 있습니다.","안진욱 씨는 송파구에서 자녀를 홀로 키우는 베테랑 상담원으로, 사회적 유대감과 가족에 대한 책임감을 동시에 짊어진 채 살아가는 다정하고 섬세한 50대 남성입니다.","석촌호수 산책로를 따라 걸으며 자녀들의 고민을 들어주는 시간을 소중히 여기고, 송파구의 번화한 분위기 속에서 이웃들과 가볍게 인사를 나누는 삶에 익숙합니다. 혼자 아이들을 키우며 겪은 고단함을 묵묵히 견뎌온 세월이 있어 타인의 슬픔에 쉽게 공감하지만, 때로는 갑작스러운 감정 변화에 마음이 쉽게 지치기도 합니다.","상대방의 숨소리와 말끝만으로도 현재의 감정 상태를 빠르게 파악해 맞춤형 응대를 제공하며, 격앙된 민원인의 마음을 차분하게 가라앉히는 완급 조절에 능숙합니다.","['민원인 심리 상태 파악 및 공감 대화법', '감정 노동 상황에서의 평정심 유지', '복잡한 서비스 매뉴얼의 효율적 안내', '갈등 상황 중재 및 합의점 도출']","주말이면 친구들과 가평의 골프장을 찾아 필드를 누비고, 저녁에는 동네 단골 일식집에서 신선한 모듬 사시미를 즐기며 한 주 동안 쌓인 스트레스를 털어냅니다. 가끔은 코인 노래방에서 80년대 노래를 크게 부르거나, 따뜻한 온천수에 몸을 담가 뭉친 근육을 푸는 시간에서 살아있음을 느낍니다.","['가평 인근 골프장 라운딩', '동네 일식집 모듬 사시미 식사', '8090 가요 부르기', '충청도 지역 온천 여행', '석촌호수 저녁 산책']","자녀들이 사회적으로 완전히 자리를 잡을 때까지 현재의 안정적인 소득 수준을 유지하는 것에 최우선을 두며, 큰 변동 없이 정년까지 무사히 근무하는 것을 목표로 합니다.",남자,57,이혼,비현역,자녀와 거주 (한부모),아파트,2~3년제 전문대학,해당없음,전화 상담원,서울-송파구,서울,대한민국,50대,자차
cfcb4e61bed24e23bff54f541af15cfa,"구종열 씨는 경부고속도로의 톨게이트 간 소요 시간과 정체 구간을 머릿속에 지도로 그려낼 만큼 베테랑이며, 운전석에 앉아 핸들에서 전해지는 미세한 떨림만으로도 타이어 공기압이 낮아졌음을 알아챕니다. 정년까지 무사고라는 고집스러운 목표를 위해 매 운행 전 차량 하부를 꼼꼼히 살피며 후배들에게는 잔소리 많은 선배로 통하지만 그만큼 안전 운행에 대해서는 결코 타협하지 않습니다.","구종열 씨는 주말마다 아내와 함께 올림픽공원의 숲길을 달리고, 유튜브에서 타이거 우즈의 스윙 영상을 수십 번 돌려보며 자신의 폼을 교정하는 골프에 푹 빠져 있습니다. 단순한 운동을 넘어 기록을 세우고 자세를 완성하는 과정에서 성취감을 느끼며, 수영장에서는 정해진 시간을 정확히 맞추어 완영하는 체계적인 루틴을 고수합니다.","구종열 씨는 세련된 현대 미술보다는 전국 곳곳의 고찰이나 전통 가옥의 단아한 곡선미에 마음을 두고, 휴일이면 거실 소파에 기대어 역사 다큐멘터리를 시청하며 옛 선조들의 삶을 반추합니다. 화려한 공연장보다는 조용한 산사나 박물관의 고요한 분위기 속에서 사색하는 시간을 즐기며 정서적 안정을 찾습니다.","구종열 씨는 아내와 함께 전국의 유명 성지와 사찰을 찾아다니는 순례 여행을 통해 삶의 궤적을 정리하고, 낯선 지역의 도로를 직접 운전하며 그 땅의 숨결을 느끼는 것에서 큰 위안을 얻습니다. 여행지에서는 유명 맛집의 줄을 서기보다 현지인이 자주 찾는 소박한 식당을 찾아다니며 가족과 함께 조용히 대화를 나누는 정적인 일정을 보냅니다.","구종열 씨는 일주일에 한 번 아내와 함께 보리밥 정식이나 청국장 같은 담백한 한식을 즐기고, 가끔은 기분 전환을 위해 도미노 피자나 맘스터치 버거 같은 서구식 식단으로 입가심을 합니다. 한 달에 한 번 정도 배달 앱으로 야식을 시켜 먹지만, 평소에는 가락시장 인근의 단골 식당에서 제철 나물 반찬이 나오는 집을 찾아다니며 식사합니다.","구종열 씨는 가락시장 근처 골목에서 이웃들과 끈끈하게 지내며 쌓은 신뢰를 가정에서도 그대로 실천하며, 자신의 고집을 내세우기보다 아내의 의견을 묵묵히 따르는 배려 깊은 남편입니다. 하지만 속마음을 겉으로 잘 드러내지 않는 성격 탓에 가끔은 아내에게 무뚝뚝하게 느껴지기도 하며, 가족을 위해 모든 짐을 혼자 짊어지려는 책임감이 때로는 스스로를 짓누르기도 합니다.","구종열 씨는 성실한 운전 경력과 철저한 자기관리로 다져진 송파구의 베테랑 버스 운전사이며, 가족과 함께하는 정적인 휴식과 건강한 삶을 지향하는 책임감 강한 가장입니다.",가락시장 인근의 정겨운 골목 분위기 속에서 오랜 시간 이웃들과 신뢰를 쌓으며 살아왔습니다. 화려한 학위보다는 현장에서 몸으로 부딪치며 배운 성실함과 책임감이 삶의 가장 큰 자산이라고 믿는 실용적인 가치관을 가지고 있습니다.,"전국 고속도로의 지형과 시간대별 정체 구간을 꿰뚫고 있으며, 수십 년간 단 한 번의 큰 사고 없이 승객을 운송해 온 정밀한 차량 제어 능력을 갖추고 있습니다. 차량의 미세한 진동이나 소음만으로도 정비가 필요한 부분을 정확히 짚어내는 예리한 감각이 있습니다.","['전국 주요 고속도로 최적 경로 및 시간 관리', '대형 버스 안전 운행 및 돌발 상황 대처', '차량 기본 정비 및 이상 징후 조기 진단', '장거리 운행을 위한 최상의 컨디션 유지법']","매일 새벽 수영장에서 랩을 돌며 하루를 시작하고, 주말에는 아내와 함께 올림픽공원 산책로를 조깅하며 건강을 챙깁니다. 평소에는 유튜브로 최신 골프 스윙 영상을 보며 자세를 교정하고, 가끔은 가족들과 함께 성지순례 여행을 떠나 마음을 정돈하는 시간을 갖습니다.","['새벽 수영을 통한 체력 및 혈당 관리', '유튜브 골프 레슨 시청 및 실전 연습', '올림픽공원 조깅 및 숲길 산책', '가족 동반 국내외 성지순례 여행']","정년퇴직하는 날까지 무사고 기록을 유지하며, 후배 운전원들에게 안전 운행의 정석을 몸소 보여주는 존경받는 선배로 남기를 원합니다. 퇴직 후에는 운전대를 내려놓고 가족과 함께 전국의 조용한 사찰과 성지를 찾아다니며 내면의 평화를 찾는 삶을 준비하고 있습니다.",남자,55,배우자있음,비현역,배우자와 거주,연립주택,고등학교,해당없음,시외 및 고속 버스 운전원,서울-송파구,서울,대한민국,50대,자차
884f3671a031456b966ce1b445ed50db,"정수익 씨는 송파구 다세대주택의 집주인이자 전직 공학도로서, 낡은 수도꼭지나 삐걱거리는 문손잡이를 줄자로 정확히 재어 밀리미터 단위로 수리하는 일에서 삶의 질서를 찾습니다. 지인들이 리모델링 계획을 세울 때면 도면의 오차를 꼼꼼하게 짚어주며 조언하는 역할에 큰 보람을 느낍니다.","정수익 씨는 매주 주말이면 남한산성 등산 코스를 택해 천천히 오르며 땀을 흘리고, 가족들과 함께 체험형 레포츠 여행을 떠나 활동적인 시간을 보냅니다. 하산 후에는 동네 친구들과 함께 걷는 가벼운 산책으로 하루의 피로를 마무리합니다.",정수익 씨는 동네 친구들과 코인 노래방에 모여 임영웅의 노래 같은 최신 트로트를 목청껏 부르며 일상의 스트레스를 풉니다. 집에서는 조용히 음악을 감상하거나 텔레비전 프로그램을 시청하며 혼자만의 정적인 시간을 즐깁니다.,정수익 씨는 가족들과 함께 여행지를 정해 스포츠나 레포츠 활동을 즐기는 여행 방식을 고수합니다. 공학도 시절의 습관대로 정교하게 짠 일정표에 따라 이동하며 가족 모두가 만족할 수 있는 체험 활동을 하나하나 수행하는 과정에서 행복을 느낍니다.,정수익 씨는 한 달에 단 한 번 외식을 하며 나물 정식 같은 고기 없는 한식이나 깔끔한 파스타 같은 양식 메뉴를 선택합니다. 매주 정해진 요일에는 가족들과 거실에 둘러앉아 배달 피자를 시켜 먹으며 일주일의 회포를 풉니다.,"정수익 씨는 송파구 다세대주택에서 배우자와 자녀들과 함께 살며, 매주 배달 피자를 나누어 먹는 시간을 통해 가족 간의 유대감을 쌓습니다. 무뚝뚝한 면이 있지만 집안의 고장 난 물건을 말없이 고쳐 놓으며 가족에 대한 애정을 표현합니다.","정수익 씨는 송파구에서 다세대주택을 운영하며 공학적 꼼꼼함으로 집을 가꾸고, 가족과 트로트를 사랑하는 54세 가장입니다.","정수익 씨는 송파구의 주거 환경이 변해가는 과정을 몸소 겪으며 살아온 세대로, 다세대주택의 집주인으로서 이웃들과 적당한 거리를 유지하면서도 궂은일에 앞장서는 동네 어른의 면모를 보입니다. 공학적 사고방식이 체득되어 있어 일상의 모든 일을 논리적인 순서에 따라 처리하려는 성향이 강합니다.","전공을 살려 집안의 모든 가전제품 매뉴얼을 완벽히 숙지하고 있으며, 고장 난 수전 교체나 문손잡이 수리 같은 집수리를 밀리미터 단위의 오차 없이 해냅니다. 수평계와 줄자를 항상 구비해 두고 가구 배치 하나에도 정밀한 계산을 적용합니다.","['소규모 주거 시설 유지보수', '인테리어 도면 및 견적 분석', '가전제품 조립 및 설정', '정밀 측정 도구 활용']","주말이면 남한산성 등산 코스를 천천히 오르며 체력을 관리하고, 하산 후에는 동네 친구들과 코인 노래방에서 최신 트로트를 부르며 흥을 돋웁니다. 일주일에 한 번 가족들과 거실에 모여 배달 피자를 나누어 먹는 시간을 가장 소중하게 여깁니다.","['남한산성 등산 및 트레킹', '석촌호수 야간 산책', '트로트 노래방 애창곡 연습', '주간 가족 배달 음식 파티']","이제는 치열한 사회적 성취보다는 자신이 가꾼 집을 최상의 상태로 유지하는 것에 보람을 느끼며, 가끔 지인들의 리모델링 공사 계획을 꼼꼼하게 검토해 주는 조언자 역할에 만족합니다.",남자,54,배우자있음,비현역,배우자·자녀와 거주,다세대주택,4년제 대학교,공학·제조·건설,무직,서울-송파구,서울,대한민국,50대,자차
d528671dbbef43378c86693582ad85b0,"최봉수 씨는 원고지의 오타 하나나 논리적 비약을 매섭게 잡아내는 능력을 갖춘 노련한 편집자이며, 고집 센 저자들의 요구사항을 유연하게 조율해 마감 기한을 맞추는 협상가입니다. 최봉수 씨는 화려한 승진이나 성공보다는 자신의 안목이 담긴 작은 테마 잡지를 직접 엮어내거나 후배들에게 실무적인 도움을 주는 든든한 멘토로 기억되길 바랍니다.","최봉수 씨는 주말 새벽마다 거실 소파에 깊숙이 파묻혀 프리미어리그 경기를 시청하며, 화면 속 선수들의 전술적 움직임에 대해 혼잣말로 열띤 분석을 내놓습니다. 최봉수 씨는 직접 몸을 움직여 뛰기보다 TV를 통한 간접 관람으로 스포츠의 쾌감을 느끼며 일상의 스트레스를 해소합니다.",최봉수 씨는 대학원에서 전공한 미학적 소양을 바탕으로 퇴근 후 집에서 바흐의 무반주 첼로 모조곡을 들으며 방 안의 적막함을 채웁니다. 최봉수 씨는 가락동 아파트 거실에 가득 쌓인 인문학 서적들을 읽으며 현실의 고단함과 학문적 이상 사이의 괴리를 좁히려 노력합니다.,"최봉수 씨는 가끔 가족들과 함께 스포츠 경기장을 찾거나 레포츠 시설을 방문하는 일정의 여행을 떠나며, 서먹한 관계 속에서도 가족이라는 울타리를 확인합니다. 최봉수 씨는 낯선 곳으로의 무작정 떠나는 모험 대신, 목적지가 분명하고 가족과 함께하는 안정적인 일정을 다닙니다.","최봉수 씨는 일주일에 한 번 가락동 단골 고기집에서 노릇하게 구운 삼겹살과 구수한 된장찌개로 일주일의 피로를 씻어냅니다. 최봉수 씨는 가끔 탕수육과 짜장면이 생각날 때 중식당을 찾으며, 배달 음식은 한 달에 단 한 번만 주문하는 절제된 식습관을 유지합니다.","최봉수 씨는 배우자와 별거 중인 상태로 송파구의 조용한 아파트에서 홀로 지내며, 가끔 가족들을 방문해 짧은 안부를 나누는 것으로 외로움을 달랩니다. 최봉수 씨는 집안의 무거운 정적을 클래식 음악과 책으로 메우며 혼자만의 시간을 견뎌내고 있습니다.","최봉수 씨는 송파구에서 홀로 지내며 인문학적 소양과 현실의 괴리를 좁혀가는, 세심한 안목을 가진 50대 중반의 출판 편집자입니다.","송파구 가락동의 오래된 아파트 단지에서 혼자 지내며, 대학원에서 전공한 미학적 소양과 현실적인 생활인으로서의 괴리를 좁히기 위해 노력하는 중년의 삶을 삽니다. 배우자와의 별거로 인해 생긴 적막함을 인문학 서적과 클래식 음악으로 채우며, 정돈된 일상 속에서 심리적 안정을 찾으려 합니다.","수십 년간 인문학 서적을 다루며 문장의 작은 오타 하나나 논리적 비약도 놓치지 않는 매서운 교정 능력을 갖췄고, 까다로운 저자들의 성격과 요구사항을 유연하게 조율해 마감 기한을 맞추는 능숙한 협상가입니다.","['원고 교정 및 교열', '인문학적 텍스트 분석', '출판 공정 스케줄 관리', '저자 커뮤니케이션', '도서 시장 트렌드 분석']","주말이면 거실 소파에 기대어 프리미어리그 경기를 시청하며 혼잣말로 전술을 분석하고, 몸이 무거워 숨이 차오르지만 천천히 석촌호수 산책길을 걷습니다. 일주일에 한 번은 단골 고기집에서 삼겹살과 된장찌개를 먹으며 일주일의 피로를 풉니다.","['프리미어리그 경기 시청', '석촌호수 산책', '바흐의 무반주 첼로 모조곡 감상', '동네 중식당 짬뽕 맛집 탐방', '가끔 받는 피부 관리']","거창한 성공이나 승진보다는 그동안 쌓아온 안목으로 자신의 이름이 걸린 작은 테마 잡지를 한 권 엮어내거나, 업계 후배들에게 실무적인 도움을 주는 든든한 멘토로 남는 것에 만족합니다.",남자,56,배우자있음,비현역,혼자 거주 (배우자 별거),아파트,대학원,예술·인문,출판물 편집자,서울-송파구,서울,대한민국,50대,지하철
77614a95ee7e453eb1c055e76232aff9,"박영수 씨는 고압 전기 도면의 미세한 오차까지 잡아내던 정밀한 감리 능력을 갖췄지만, 최근의 협업 툴인 노션이나 슬랙 앞에서는 한없이 작아지는 자신을 발견하며 매일 밤 구인 사이트를 새로고침합니다. 중소 건설 현장의 비상근 감리원으로 복귀하길 갈망하면서도, 현장에서 만날 혈기 왕성한 20대들과의 소통 방식이 낯설어 깊은 한숨을 내쉬며 책상 앞에 앉아 있습니다.","박영수 씨는 주말이면 관악산의 한적한 숲길을 걸으며 머릿속의 복잡한 설계도를 지우고, 평일에는 소파에 누워 아무것도 하지 않은 채 천장의 무늬를 세는 정적인 휴식으로 에너지를 충전합니다. 등산화 끈을 꽉 조여 매고 산을 오를 때의 성취감과 집안에서 느끼는 무기력함 사이의 괴리를 느끼며 하루를 보냅니다.","박영수 씨는 거실 한구석에 놓인 오래된 턴테이블 위에 클래식 LP판을 올리고 바늘이 긁히는 특유의 잡음과 함께 집안의 정적을 채우는 시간을 가장 소중하게 여깁니다. 가끔은 최신 유행하는 영화보다 오래된 고전 영화의 느린 호흡에 몰입하며, 영화가 끝난 뒤 밀려오는 공허함을 달래기 위해 석촌호수 주변을 정처 없이 걷습니다.",박영수 씨는 마음 맞는 오랜 친구와 함께 지도에도 잘 나오지 않는 전국의 숨은 노포들을 찾아다니며 그 지역만의 투박한 음식 맛을 탐색하는 여행에서 살아있음을 느낍니다. 화려한 관광지보다는 낡은 간판과 세월의 때가 묻은 식탁이 있는 식당을 찾아가 주인장의 무뚝뚝한 말투 속에 담긴 정을 확인하며 즐거워합니다.,"박영수 씨는 송리단길의 조용한 일식당에서 정갈하게 차려진 사시미와 차가운 사케 한 잔을 곁들이며 하루의 피로를 씻어내거나, 고기 없는 정갈한 나물 반찬이 나오는 한식당에서 소박한 식사를 즐깁니다. 배달 음식의 인위적인 맛보다는 직접 식당을 찾아가 식기 부딪히는 소리와 사람들의 웅성거림을 느끼며 주 5회 이상 외식을 하는 습관이 있습니다.","박영수 씨는 이혼 후 부모님과 자녀를 함께 모시는 3세대 가구의 가장으로서, 집안의 모든 전기 스위치와 콘센트를 직접 관리하며 가족들에게 자신의 쓸모를 은연중에 증명하려 합니다. 자녀와의 서먹한 관계를 메우기 위해 무심하게 간식을 챙겨주지만, 정작 깊은 속마음을 나누는 법을 몰라 거실의 정적 속에서 헛기침만 반복하곤 합니다.","박영수 씨는 송파구에 거주하며 고도의 전기 기술력을 가졌지만, 실업과 이혼이라는 상실감 속에서 노포 맛집과 클래식 음악, 관악산 산책으로 마음의 빈자리를 채우는 50대 남성입니다.","송파구 가락동의 오래된 아파트에서 부모님, 자녀와 함께 지내며 집안의 전기 배선 하나까지 꼼꼼하게 관리하는 습관이 배어 있습니다. 이혼 후 찾아온 정적을 견디기 위해 석촌호수 산책길의 풍경 변화를 관찰하며 마음을 다스리곤 합니다.",고압 전기 설비의 안전 진단과 설계 도면의 미세한 오차를 잡아내는 정밀한 감리 능력을 갖추고 있습니다. 한국전기설비규정의 세부 조항을 실무에 적용해 현장의 잠재적 사고 요인을 사전에 차단하는 일에 능숙합니다.,"['고압 전력 계통 안전 진단', '전기 설비 설계 도면 정밀 검토', '한국전기설비규정 기반 법적 준수성 평가', '전력 효율 최적화 기술 연구']","송리단길의 작은 일식당에서 정갈한 사케 한 잔과 함께 조용히 혼자만의 시간을 보내거나, 마음 맞는 친구와 전국의 숨은 노포 맛집을 찾아다닙니다. 주말이면 관악산의 한적한 등산로를 오르며 복잡한 생각을 정리하고, 집에서는 오래된 LP판으로 클래식 음악을 듣습니다.","['송리단길 일식당 탐방', '관악산 단독 산행', '클래식 LP 감상', '최신 독립 영화 관람']","그동안 쌓은 기술력을 바탕으로 중소 규모 건설 현장의 비상근 감리원으로 활동하며 전문성을 유지하고 싶어 합니다. 다만, 급격히 변한 디지털 협업 툴과 젊은 층의 소통 방식에 적응해야 한다는 부담감에 매일 밤 구인 공고를 살피며 깊은 한숨을 내쉽니다.",남자,55,이혼,비현역,기타3세대,아파트,4년제 대학교,공학·제조·건설,"전직 전기 감리 기술자 및 연구원, 현재 구직중",서울-송파구,서울,대한민국,50대,지하철
32f05e030a974b0f8c552f9827d5129a,정태문 씨는 토털스테이션의 정밀한 수치와 현장에서의 끈질긴 협상력을 동시에 발휘하는 베테랑 측량 기술자입니다. 정태문 씨는 후배들이 겪을 시행착오를 줄여주기 위해 수십 년간 몸으로 익힌 현장 노하우를 꼼꼼하게 매뉴얼로 옮기며 조용한 마무리를 준비하고 있습니다.,정태문 씨는 주말이면 동네 동호회원들과 땀 흘리며 농구 코트를 누비거나 배구 경기에 참여하며 중년의 활력을 찾습니다. 정태문 씨는 경기 중 승패에 집착하기보다 동료들의 실수를 너그럽게 감싸주며 분위기를 띄우는 역할을 도맡습니다.,"정태문 씨는 퇴근 후 거실 소파에 기대어 유튜브로 전국의 노포 맛집 영상을 탐색하며 대리 만족을 느끼고, 가끔은 노래방에서 옛 노래를 열창하며 스트레스를 풉니다. 정태문 씨는 최신 유행하는 예술 전시보다는 TV 프로그램 속 사람 사는 이야기나 친숙한 가요에 더 깊은 위안을 얻습니다.",정태문 씨는 친목 모임 회원들과 함께 전국 방방곡곡의 지역 명물 고깃집을 찾아다니는 식도락 여행에 가장 큰 즐거움을 느낍니다. 정태문 씨는 유명 관광지보다는 이름 없는 골목의 오래된 식당에서 현지 분위기에 취해 술잔을 기울이는 시간을 소중히 여깁니다.,정태문 씨는 주 5일 이상 외식을 하며 송리단길의 정갈한 초밥집이나 동네의 투박한 돼지갈비집을 번갈아 방문하는 미식가입니다. 정태문 씨는 배달 음식의 편리함보다는 식당 주인의 손맛이 느껴지는 따뜻한 찌개와 갓 구운 고기 냄새가 가득한 공간을 즐깁니다.,"정태문 씨는 이혼 후 부모님과 자녀가 함께 사는 3세대 가구의 중심에서, 세대 간의 가치관 차이로 발생하는 마찰을 묵묵히 흡수하는 완충제 역할을 수행합니다. 정태문 씨는 정작 자신의 서운함은 입 밖으로 내지 않은 채, 부모님의 잔소리와 자녀의 반항 사이에서 적당한 타협점을 찾아내며 집안의 평화를 유지합니다.","정태문 씨는 정밀한 측량 기술로 삶의 경계를 긋는 전문가이자, 가족의 갈등을 유연하게 조율하는 송파구의 인자한 아버지이자 아들입니다.","80년대 공대에 진학해 건설 현장을 누비며 성장했고, 현재는 송파구 아파트에서 연로하신 부모님과 자녀를 함께 부양하며 집안의 크고 작은 갈등을 묵묵히 조율하는 완충제 역할을 자처합니다.","토털스테이션과 GPS 수신기를 활용해 오차 없는 지형도를 그려내며, 까다로운 토지 경계 분쟁 현장에서도 유연한 태도로 이해관계자들의 합의를 이끌어내는 능숙함이 있습니다.","['지적측량 및 경계 설정', 'GIS 공간 정보 데이터 분석', '현장 지형 분석 및 매핑', '토목 설계 도면 해석']","유튜브에서 전국의 숨은 노포 맛집 영상을 찾아본 뒤, 주말이면 동창들과 함께 지역 명물 고깃집을 찾아다니거나 송리단길의 정갈한 초밥집에서 시간을 보냅니다.","['유튜브 맛집 탐방 영상 시청', '동창들과의 사회인 농구 경기', '동네 노래방에서 트로트 부르기', '지역별 특색 음식 투어']",이제는 새로운 성취보다는 후배들이 실수 없이 업무를 이어받을 수 있도록 현장의 암묵지를 체계적인 매뉴얼로 정리하며 안정적으로 은퇴를 준비하는 것에 무게를 둡니다.,남자,57,이혼,비현역,기타3세대,아파트,4년제 대학교,공학·제조·건설,측량 및 지리 정보 기술자,서울-송파구,서울,대한민국,50대,도보
738fb35db81d4ec48a8ed33a6b876cea,"김동국 씨는 송파구 인근 운송 기지에서 대형 트레일러의 찌든 기름때를 벗겨내는 베테랑 청소원입니다. 자신만의 비법으로 섞은 세제와 고압 세척기의 물줄기를 정교하게 쏘아 올리며, 월 100만 원 남짓한 수입 속에서도 작업복에 밴 기름 냄새를 훈장처럼 여기며 묵묵히 현장을 지킵니다.","김동국 씨는 건강 검진표의 빨간 글씨에 충격을 받은 뒤로, 해 질 녘 석촌호수 둘레길을 느릿하게 뛰며 거친 숨을 몰아쉽니다. 가끔은 동네 헬스장에서 낡은 러닝머신 위를 걸으며 땀을 흘리고, 운동 후 느끼는 뻐근한 근육통을 통해 자신이 살아있음을 확인합니다.",김동국 씨는 퇴근 후 거실 소파에 깊숙이 몸을 파묻고 TV 속 트로트 가수 임영웅의 무대를 보며 하루의 피로를 잊습니다. 가끔 친구들과 모여 옛 노래를 흥얼거리거나 시시콜콜한 동네 이야기를 나누는 잡담 시간이야말로 그가 누리는 최고의 휴식입니다.,"김동국 씨는 주말이면 가족들을 태우고 충남 아산의 온천으로 향해 뜨거운 물에 몸을 담그고 굳은 근육을 풀어나갑니다. 김이 모락모락 나는 온천탕 속에서 손주들의 웃음소리를 들으며, 복잡한 서울 생활에서 벗어나 잠시나마 마음의 평안을 얻습니다.","김동국 씨는 일주일에 한 번, 가족들과 함께 동네 백반집에서 제육볶음 대신 보글보글 끓는 된장찌개와 나물 반찬으로 소박한 외식을 즐깁니다. 2주에 한 번 돌아오는 배달 날에는 아이들이 좋아하는 브랜드 치킨을 시켜 거실 바닥에 신문지를 깔고 온 가족이 둘러앉아 뜯어 먹습니다.","김동국 씨는 송파구의 좁은 골목길 다세대 주택에서 아내와 함께 손주들의 재잘거림을 자장가 삼아 잠듭니다. 가장으로서의 책임감 때문에 때로는 어깨가 무겁지만, 품 안으로 달려드는 손주들을 껴안을 때면 세상 모든 시름이 사라지는 다정함을 보입니다.","김동국 씨는 송파구에서 운송장비 청소원으로 일하며 건강 불안과 경제적 어려움을 겪으면서도, 손주들을 향한 내리사랑과 성실함으로 하루를 살아가는 50대 가장입니다.","송파구의 좁은 골목길 다세대 주택에서 전셋집을 옮겨 다니며 살아왔고, 이제는 손주들의 재잘거림이 가득한 집안 분위기 속에서 가장의 무게와 조부모의 다정함을 동시에 느끼며 살아갑니다.","대형 운송 장비의 찌든 기름때를 완벽하게 제거하는 자신만의 세제 배합법을 알고 있으며, 고압 세척기를 다룰 때 물줄기의 각도만으로도 오염 부위를 정확히 타격합니다.","['산업용 세제 배합 및 활용', '대형 차량 하부 고압 세척', '운송 장비 외관 오염 진단', '세척 장비 유지보수']","건강 검진 결과에 충격을 받은 뒤로 석촌호수 주변을 천천히 뛰며 숨을 고르고, 주말이면 가족들과 함께 충남 아산의 온천으로 떠나 묵은 피로를 풀며 시간을 보냅니다.","['석촌호수 조깅', ""TV 프로그램 '미스터트롯' 시청"", '아산 온천 여행', '동네 친구들과의 소주 한잔']","몸이 예전 같지 않음을 느끼면서도, 손주들에게 더 좋은 환경을 만들어주기 위해 현재의 일자리를 안정적으로 유지하며 매달 작은 금액이라도 손주들을 위한 적금을 붓는 것에 집중하고 있습니다.",남자,56,배우자있음,비현역,배우자·손자녀와 거주,다세대주택,고등학교,해당없음,운송장비 청소원,서울-송파구,서울,대한민국,50대,버스
ed540df4282146f092643c4b4f50b2f9,권철호 씨는 법과 경영의 틀 안에서 전산 시스템의 빈틈을 찾아내 표준 문서로 정립하는 일을 업으로 삼고 있습니다. 권철호 씨는 효율성을 극단적으로 따지는 성격 탓에 회의 시간마다 후배들의 서툰 보고서를 냉철하게 지적하여 팀 내에서 다소 거리감이 느껴지는 상사로 통합니다.,권철호 씨는 주말 아침이면 동네 배드민턴 클럽에서 셔틀콕을 주고받으며 땀을 흘립니다. 권철호 씨는 집 거실에서 줄넘기를 하며 심박수를 높이는 것으로 하루의 정체된 기분을 환기합니다.,권철호 씨는 롯데콘서트홀의 정교한 음향 설계 속에 파묻혀 베토벤의 교향곡을 감상하며 정신적인 휴식을 취합니다. 권철호 씨는 서재에 꽂힌 법학 서적과 경영 이론서를 다시 읽으며 논리적 사고의 체계를 다듬는 시간을 즐깁니다.,권철호 씨는 꼼꼼하게 체크리스트를 작성해 챙긴 캠핑 장비를 싣고 강원도 평창의 숲속으로 떠나 정적을 만끽합니다. 권철호 씨는 가끔 가족들과 함께 전국의 미술관을 순례하며 작품 속에 담긴 철학적 의미를 분석하는 여행을 다닙니다.,권철호 씨는 외식을 거의 하지 않으며 일주일에 한 번 정도 집 근처 김밥집에서 멸치김밥과 라면을 배달시켜 간단히 끼니를 때웁니다. 권철호 씨는 고기류보다는 나물 비빔밥이나 청국장 같은 담백한 한식을 선호하며 식탁 위의 정갈함을 중요하게 생각합니다.,"권철호 씨는 이혼 후 송파구 아파트에서 홀로 지내며 자신만의 엄격한 생활 규칙을 세워 고독을 관리합니다. 권철호 씨는 일상에서는 떨어져 지내지만, 여행 때만큼은 가족들과 함께하며 서먹하면서도 책임감 있는 관계를 유지하려 애씁니다.","권철호 씨는 송파구에 거주하는 50대 IT 컨설턴트로, 논리적인 완벽주의와 고독한 생활 습관을 가진 실속파 전문가입니다.","송파구의 아파트에서 홀로 지내며, 법학과 경영학을 전공한 학구적인 배경과 정보 통신 분야의 실무 경험을 동시에 갖췄습니다. 이혼 후 자신만의 엄격한 생활 질서를 세우는 것에 익숙해졌으며, 논리적 근거와 실리를 중시하는 태도가 일상 전반에 배어 있습니다.","기업의 전산 시스템 구축 시 법적 규제 준수 여부를 검토하고 최적의 운영 체계를 설계하는 능력이 탁월합니다. 복잡한 행정 절차를 기술적 요구사항으로 빠르게 전환하여 표준 문서로 만드는 데 능숙하지만, 효율성을 지나치게 추구하여 후배들과의 소통에서 다소 냉정하다는 평가를 받기도 합니다.","['IT 거버넌스 체계 설계', '정보보호 법률 준수 컨설팅', '전산 시스템 효율화 분석', '기술 요구사항 정의서 작성']","주말이면 꼼꼼하게 챙긴 캠핑 장비를 싣고 근교로 떠나 정적 속에서 독서를 즐기거나, 롯데콘서트홀에서 클래식 공연을 관람하며 에너지를 충전합니다. 평소에는 석촌호수를 따라 걸으며 고혈압 관리를 위해 노력하지만, 가끔은 집에서 전략 시뮬레이션 게임에 몰두하며 밤을 지새우기도 합니다.","['솔로 캠핑', '롯데콘서트홀 공연 관람', '전략 시뮬레이션 게임', '석촌호수 산책', '고전 문학 독서']","현재의 높은 소득 수준을 유지하면서 업무 강도를 점진적으로 조절하여, 퇴직 후에는 소규모 개인 컨설팅 사무소를 운영하는 안정적인 독립 체계를 구축하려 합니다. 무리한 확장보다는 자신이 책임질 수 있는 범위 내에서 전문성을 인정받는 실속 있는 삶을 지향합니다.",남자,54,이혼,비현역,혼자 거주,아파트,대학원,경영·행정·법,정보 통신 컨설턴트,서울-송파구,서울,대한민국,50대,복합수단
44c32a95b9594af0ae05b2b1332bc66c,"강갑성 씨는 송파구 소매점에서 십수 년간 장부를 맡아오며, 엑셀 함수보다는 몸에 밴 숫자 감각으로 단 1원의 오차도 허용하지 않는 정확함을 보여줍니다. 까칠한 거래처 사장님들의 기분을 능숙하게 맞추면서도 결제 대금 날짜만큼은 칼같이 지켜내게 만드는 묘한 협상력을 발휘합니다.",강갑성 씨는 땀 흘리는 격렬한 운동보다는 가족과 함께 근처 올림픽공원을 천천히 거닐며 풍경을 감상하는 정적인 활동을 즐깁니다. 운동 부족을 느끼면서도 퇴근 후에는 소파에 누워 모바일 퍼즐 게임의 단계를 하나씩 깨는 정적인 휴식에 더 깊이 빠져듭니다.,"강갑성 씨는 대학 시절 언론학을 전공하며 키운 비판적 시각을 이제는 유튜브의 집 정리 팁 영상을 보며 일상의 효율을 높이는 데 활용합니다. 가끔 블로그에 동네 소식을 올리고 싶어 메모장에 글을 적어보지만, 정작 발행 버튼을 누르기까지는 한참을 망설이는 신중함을 보입니다.",강갑성 씨는 휴가철이면 남편과 자녀의 손을 잡고 강원도나 제주도의 한적한 숲길을 찾아가 푸른 자연 속에서 마음을 비우는 여행을 떠납니다. 화려한 관광 명소보다는 이름 모를 들꽃이 핀 조용한 산책로에서 가족과 함께 도란도란 이야기를 나누는 시간을 가장 소중히 여깁니다.,"강갑성 씨는 일주일에 한 번 가족들과 함께 지글지글 구운 삼겹살이나 갈비 같은 한식 고기 메뉴로 외식을 하며 한 주의 스트레스를 풉니다. 주말 오후에는 갓 구운 소금빵의 고소한 향기에 이끌려 빵집을 방문하고, 가끔은 배달 앱으로 간편하게 한 끼를 해결하며 소소한 행복을 느낍니다.","강갑성 씨는 전세 아파트라는 불안정한 주거 형태 속에서도 배우자와 자녀들이 서로를 아끼는 화목한 분위기를 만드는 것에 온 신경을 씁니다. 때로는 자녀의 사소한 행동에 잔소리를 늘어놓기도 하지만, 결국은 가족의 평온한 일상이 무너지지 않게 지탱하는 집안의 든든한 버팀목 역할을 수행합니다.","강갑성 씨는 송파구에서 근무하는 능숙한 경리 사무원이자, 가족의 평화를 최우선으로 여기며 소소한 빵 쇼핑과 게임으로 일상을 채우는 50대 여성입니다.","70년대에 태어나 격동의 시대상을 공부한 언론학 전공자로, 송파구 가락동의 오래된 골목 정서와 롯데월드몰의 세련된 도시 분위기를 동시에 누리며 살아갑니다. 대학 시절의 비판적 시각은 시간이 흐르며 유연한 현실 감각으로 변모했고, 이제는 가족의 평온한 일상을 지키는 것을 가장 큰 가치로 둡니다.","소매점의 복잡한 매입·매출 전표를 한 치의 오차 없이 정리하며, 까다로운 거래처 사장님들의 기분을 맞추면서도 결제 대금 날짜를 정확히 지켜내게 만드는 능숙한 조율 능력을 갖췄습니다. 엑셀의 화려한 함수보다는 수십 년간 몸에 밴 직관적인 숫자 감각으로 장부의 오류를 빠르게 찾아냅니다.","['부가가치세 및 원천세 신고 보조', '거래처 미수금 관리 및 정산', '소규모 사업장 급여 계산 및 명세서 발행', '매장 재고 수불부 작성 및 관리']","주말 오후면 송리단길의 유명한 소금빵 집을 찾아가 갓 구운 빵을 사고, 저녁에는 소파에 기대어 유튜브의 집 정리 팁 영상을 보거나 모바일 퍼즐 게임의 단계를 하나씩 깨며 하루의 피로를 풉니다. 가끔은 미용실에서 펌을 새로 하며 거울 속 변화된 자신의 모습으로 기분을 전환합니다.","['모바일 퍼즐 게임 스테이지 클리어', '송리단길 베이커리 카페 투어', '유튜브 인테리어 및 정리 정돈 영상 시청', '가족과 함께하는 강원도 숲길 산책']","갑작스러운 직급 상승이나 화려한 성취보다는, 현재의 직장에서 큰 갈등 없이 동료들과 원만한 관계를 유지하며 정년까지 안정적으로 근무하는 것을 목표로 합니다. 가끔은 전공을 살려 작은 블로그에 동네 소식을 기록해보고 싶다는 생각을 하지만, 실행에 옮기기보다 구상하는 단계에서 만족하곤 합니다.",여자,51,배우자있음,비현역,배우자·자녀와 거주,아파트,4년제 대학교,사회과학·언론,경리 사무원,서울-송파구,서울,대한민국,50대,자차
582beecb46dd4a1f83bca73a9e6c0b3f,"정영주 씨는 대학에서 전공한 경영학적 지식을 살려 지역 소모임의 총무 역할을 도맡아 하며, 최근에는 송파구 커뮤니티 센터에서 요양보호사 자격증 과정에 등록해 제2의 사회적 역할을 준비하고 있습니다.","정영주 씨는 매일 아침 석촌호수 산책로를 따라 빠르게 걸으며 하루를 시작하고, 주말이면 가족들과 함께 원주의 숲길을 천천히 걸으며 맑은 공기를 마시는 시간을 갖습니다.","정영주 씨는 단골 미용실 원장과 최신 유행하는 펌 스타일을 논의하며 외모를 가꾸는 일에 정성을 들이고, 유튜브로 최신 드라마 요약 영상을 보며 시간을 보냅니다.",정영주 씨는 북적이는 관광지 대신 가평의 조용한 숲속 펜션을 찾아 가족들과 함께 나무 냄새를 맡으며 휴식하는 정적인 여행을 즐깁니다.,"정영주 씨는 주 2~3회 정도 배달 앱으로 분식집 떡볶이와 김밥을 주문해 친구들과 나눠 먹으며, 외식을 할 때는 고기류보다는 나물 반찬이 정갈하게 나오는 한정식집을 찾습니다.","정영주 씨는 가족 행사가 있을 때면 분 단위로 일정표를 짜서 공유하는 치밀함을 보이며, 자녀들의 고민을 현실적으로 해결해주려 노력하지만 때로는 지나치게 세밀한 간섭으로 잔소리를 늘어놓기도 합니다.","정영주 씨는 송파구에서 꼼꼼한 살림 솜씨와 탁월한 사교성으로 주변의 신뢰를 받는 50대 중반의 여성으로, 가족과 지역 사회 속에서 새로운 성취를 꿈꾸는 인물입니다.","석촌호수 산책로를 따라 걷는 일상을 즐기며, 대학 시절 배운 경영학적 꼼꼼함으로 가계부와 집안 살림을 빈틈없이 꾸려왔습니다. 송파구 다세대 주택 단지 내에서 이웃들과 활발하게 교류하며 동네의 크고 작은 소식을 빠르게 파악하고 전달하는 역할을 자처합니다.","복잡한 가족 행사 일정을 세밀하게 조율하고, 지인들의 고민을 들어주며 상황에 맞는 현실적인 해결책을 제시하는 능력이 탁월합니다. 특히 꼼꼼한 성격 덕분에 지역 소모임에서 총무를 맡아 회비를 투명하게 관리하고 정산하는 일에 능숙합니다.","['효율적인 가계 재무 설계', '모임 일정 및 예산 관리', '대인 관계 갈등 중재', '체계적인 집안 정리 정돈']","주말이면 가족들과 함께 원주나 가평의 숲길을 찾아 맑은 공기를 마시며 마음을 정돈하는 시간을 갖습니다. 평일 오후에는 단골 미용실에서 최신 스타일로 머리를 바꾸거나, 친구들과 분식집에서 떡볶이와 김밥을 나눠 먹으며 밀린 수다를 떠는 시간을 가장 아낍니다.","['석촌호수 숲길 산책', '단골 미용실에서의 스타일 변신', '임영웅 노래 듣기 및 영상 시청', '동네 친구들과의 분식집 수다', '지역 주민 센터 건강 강좌 참여']","가족을 뒷바라지하던 삶에서 벗어나, 지역 커뮤니티 센터의 자격증 과정에 도전해 소소하게나마 사회적 역할을 수행하며 성취감을 느끼고 싶어 합니다. 완벽하게 해내야 한다는 강박을 조금 내려놓고, 사람들과 어울리며 웃을 수 있는 편안한 활동을 찾는 데 집중하고 있습니다.",여자,56,배우자있음,비현역,배우자·자녀와 거주,다세대주택,4년제 대학교,경영·행정·법,무직,서울-송파구,서울,대한민국,50대,자차
fe74fa12c9d34f2f91129799ee073d1d,"김미 씨는 송파구 가락동 골목의 분위기를 유연하게 만드는 소통 능력을 갖추고 있어, 이웃 간의 사소한 다툼을 중재하거나 서먹한 모임의 분위기를 부드럽게 만드는 동네의 실질적인 살림꾼 역할을 합니다. 언젠가는 자신이 정성껏 가꾼 식물들로 내부를 채운 작은 디저트 카페를 열어, 이웃들과 함께 차를 마시며 예술적인 담소를 나누는 제2의 인생을 설계하고 있습니다.","김미 씨는 가끔 동네 주민들과 어울려 배드민턴 채를 잡고 땀을 흘리거나, 집 근처 석촌호수 산책로를 천천히 걸으며 복잡한 머릿속을 정리하는 시간을 가집니다. 몸이 무겁고 쉽게 지치는 체질이라 격렬한 운동은 힘겨워하지만, 가족들과 함께 가벼운 소풍을 떠나 자연 속을 걷는 일에는 적극적으로 참여합니다.","김미 씨는 매일 오후 MBC 표준FM 라디오를 틀어놓은 채, 베란다에 놓인 몬스테라의 커다란 잎사귀를 젖은 수건으로 정성스럽게 닦아내며 정적인 평온함을 찾습니다. 90년대 X세대 끝자락에서 느꼈던 문화적 갈증을 풍부한 상상력으로 채우며, 잡지에서 본 유럽풍 카페 인테리어를 자신의 작은 거실에 어떻게 구현할지 매일같이 구상합니다.",김미 씨는 주말이면 가족들을 재촉해 가평의 온천 리조트로 떠나 따뜻한 물속에서 일주일간 쌓인 육체적 피로와 마음의 긴장을 씻어내는 시간을 가장 기다립니다. 화려한 관광지보다는 가족 모두가 편안하게 쉴 수 있는 스파 시설이 잘 갖춰진 국내 여행지를 찾아다니며 가족 간의 유대감을 확인합니다.,"김미 씨는 제철 식재료를 활용해 정갈한 나물 반찬을 차려내는 손맛이 일품이지만, 외식을 할 때는 고기집보다는 자극적이지 않은 나물 정식집이나 달콤한 타르트가 가득한 동네 빵집을 찾습니다. 2주에 한 번 정도 배달 음식을 시킬 때면 메뉴 결정에 한참을 고민하다 결국 가장 익숙한 한식 메뉴를 선택하며 소소한 만족감을 얻습니다.","김미 씨는 가락동의 좁은 다세대 주택에서 배우자와 자녀들을 위해 헌신하며 살아왔지만, 때로는 전업주부라는 역할 속에 갇혀 자신의 정체성을 잃어버린 것 같은 공허함에 눈시울을 붉히곤 합니다. 가족들의 기분을 세밀하게 살펴 갈등을 미리 차단하는 세심한 어머니이자 아내이지만, 정작 자신의 불안함은 누구에게도 쉽게 털어놓지 못하는 외로운 면이 있습니다.","김미 씨는 송파구에서 가족을 위해 헌신해 온 50대 주부로, 예술적 감수성과 내면의 불안함을 식물과 라디오로 달래며 나만의 디저트 카페라는 꿈을 키워가는 인물입니다.","송파구 가락동의 오래된 다세대 주택가에서 자녀들을 키우며, 90년대 X세대 끝자락의 자유로운 문화적 갈증과 전업주부로서의 책임감 사이에서 조심스럽게 균형을 잡으며 살아왔습니다. 주변 사람들의 기분을 세밀하게 살피느라 정작 자신의 마음속에 쌓인 불안함은 라디오 음악과 식물 돌보기에 기대어 달래곤 합니다.","동네 주민들의 성향을 빠르게 파악해 서먹한 분위기를 부드럽게 만드는 소통 능력이 좋으며, 제철 식재료를 활용해 정갈한 나물 반찬을 차려내는 살림 솜씨가 능숙합니다.","['가락시장에서 품질 좋은 제철 나물 고르기', '동네 반상회 및 주민 모임 분위기 주도하기', '베란다 텃밭에서 상추와 방울토마토 재배하기', '가족 구성원별 입맛에 맞춘 한식 상차림 준비']","주말이면 가족들과 함께 가평의 온천으로 나들이를 떠나 피로를 풀고, 평소에는 MBC 표준FM 라디오를 틀어놓은 채 베란다의 몬스테라 잎을 정성스럽게 닦아내며 마음의 안정을 찾습니다.","['송파구 지역 배드민턴 클럽 정기 활동', '성수동 골목의 숨겨진 소금빵 맛집 탐방', '석촌호수 둘레길 천천히 산책하기', '라디오 사연 보내고 당첨 기다리기']","나중에 작은 규모라도 좋으니 직접 가꾼 꽃과 나무로 공간을 채운 작은 디저트 카페를 열어, 이웃들과 함께 차를 마시며 예술적인 대화를 나누는 삶을 꿈꿉니다.",여자,51,배우자있음,비현역,배우자·자녀와 거주,다세대주택,고등학교,해당없음,무직,서울-송파구,서울,대한민국,50대,지하철
5cebcfe4e0b64390bae648608ef160ac,"김인순 씨는 제조 공정의 복잡한 수치를 소비자의 일상 언어로 정교하게 다듬어 제안하는 마케팅 전문가로, 업무용 다이어리에 프로젝트 일정을 분 단위로 쪼개 기록하는 습관이 있습니다. 후배들의 실수를 너그럽게 감싸면서도 보고서의 오타 하나는 끝내 짚고 넘어가는 깐깐한 멘토의 면모를 보입니다.","김인순 씨는 주말마다 석촌호수 둘레길을 빠르게 걷고, 지역 배드민턴 클럽에서 셔틀콕을 주고받으며 땀을 흘리는 시간에서 삶의 활력을 얻습니다. 경기 중에는 승부욕이 강하게 발동해 평소의 차분한 모습과는 다르게 과감한 스매싱을 날리며 분위기를 주도합니다.","김인순 씨는 잠들기 전 유튜브에서 인테리어 소품이나 피부 관리법 영상을 시청하며 마음의 안정을 찾고, 가끔 집 근처 뷰티 숍에서 정성스러운 관리를 받는 것으로 스스로에게 보상을 줍니다. 화려한 예술 작품보다 정갈하게 정돈된 공간의 미학을 중요하게 생각하며 이를 자신의 생활 공간에 투영합니다.","김인순 씨는 오랜 친구들과 함께 강원도 평창의 숲길이나 제주도의 오름을 찾아 조용히 풍경을 감상하며 일상의 소란함을 덜어냅니다. 여행지에서도 시간표를 촘촘하게 짜는 편이라 일행들이 가끔 숨 가빠 하지만, 덕분에 효율적인 동선으로 알찬 여행을 완성해냅니다.","김인순 씨는 구수한 청국장이나 나물 비빔밥 같은 담백한 한식을 주로 먹으며, 한 달에 한 번 정도 가족과 함께 외식을 하며 소소한 즐거움을 누립니다. 2주에 한 번 배달 음식을 시킬 때는 메뉴 선정에 신중을 기하며, 빵집의 고소한 냄새에 이끌려 계획에 없던 지출을 하기도 합니다.","김인순 씨는 송파구 아파트에서 배우자와 자녀들을 위해 묵묵히 살림과 일을 병행하며, 가족들의 모든 일정을 꿰고 있는 집안의 실질적인 운영자 역할을 합니다. 다정하고 부드러운 말투를 쓰지만, 집안 정돈 상태가 엉망일 때는 무표정한 얼굴로 가족들을 청소에 동원하는 단호함을 보입니다.","김인순 씨는 공학적 논리와 마케팅적 유연함을 모두 갖춘 송파구의 성실한 직장인이자, 철저한 자기관리와 따뜻한 공감 능력을 겸비한 가족의 중심축입니다.","송파구 가락동의 아파트 단지에서 오랜 시간 거주하며, 공학 전공자 특유의 논리적인 사고방식과 마케팅 실무의 유연함을 함께 체득했습니다. 학창 시절부터 꼼꼼하게 기록하고 계획하는 습관이 몸에 배어 있으며, 주변 사람들에게는 항상 차분하고 믿음직한 조력자로 통합니다.","제조 공정의 메커니즘을 정확히 이해하고 이를 소비자 언어로 변환하여 제품의 강점을 구체적인 수치로 제안하는 능력이 탁월합니다. 복잡한 프로젝트 일정을 세분화하여 관리하며, 협력사와의 의견 충돌이 생겼을 때 상대의 입장을 먼저 살펴 부드럽게 합의점을 찾아냅니다.","['제조 공정 기반 제품 분석', '데이터 기반 시장 수요 예측', '협력사 커뮤니케이션 및 갈등 관리', '상세 프로젝트 일정 설계 및 리스크 관리']","주말 아침이면 석촌호수 산책로를 따라 가볍게 걷고, 오후에는 지역 배드민턴 클럽에서 셔틀콕을 주고받으며 활력을 얻습니다. 정갈한 나물 비빔밥이나 청국장 같은 담백한 한식을 즐기며, 퇴근길에 갓 구운 치아바타를 사 들고 집으로 돌아가는 시간을 소중히 여깁니다.","['석촌호수 주변 산책 및 풍경 감상', '지역 배드민턴 동호회 활동', '나물 중심의 건강한 한식 맛집 탐방', '천연 발효빵 구매 및 홈카페 즐기기']",현재 쌓아온 실무 노하우를 체계적으로 정리하여 후배 마케터들이 시행착오를 줄일 수 있도록 돕는 사내 멘토로 자리 잡고자 합니다. 무리한 확장보다는 맡은 영역에서 빈틈없는 성과를 내며 조직의 안정적인 성장을 뒷받침하는 것에 큰 가치를 둡니다.,여자,54,배우자있음,비현역,배우자·자녀와 거주,아파트,4년제 대학교,공학·제조·건설,마케팅 전문가,서울-송파구,서울,대한민국,50대,지하철
4fd664f93a5f4d84b11987fc7df09ab2,심영이 씨는 소매업 매장의 복잡한 재고 목록을 엑셀 파일 하나에 일목요연하게 정리해 두어 동료들이 매뉴얼 없이도 물건을 찾게 만듭니다. 심영이 씨는 가끔 정산 금액이 단 돈 10원이라도 맞지 않으면 퇴근 시간을 넘겨서라도 끝까지 원인을 찾아내야 직성이 풀리는 꼼꼼함을 보입니다.,심영이 씨는 주말 오후면 남편과 함께 석촌호수 둘레길을 천천히 걸으며 계절마다 바뀌는 벚꽃과 단풍의 색깔을 감상합니다. 심영이 씨는 걷기 운동 중에 마주치는 이웃들과 가벼운 인사를 나누며 소소한 동네 소식을 주고받는 시간을 소중히 여깁니다.,심영이 씨는 저녁 식사 후 거실에 앉아 '미스터트롯' 같은 경연 프로그램을 시청하며 좋아하는 가수의 노래에 박자를 맞춥니다. 심영이 씨는 가끔 지역 문화센터에서 운영하는 서예 교실에 나가 정갈한 글씨를 쓰며 마음을 가다듬는 시간을 갖습니다.,심영이 씨는 가족들과 함께 충남 아산의 온양온천으로 여행을 떠나 뜨거운 물에 몸을 담그고 쌓인 피로를 씻어냅니다. 심영이 씨는 여행지에서도 계획표를 꼼꼼히 짜서 가족들이 헤매지 않고 효율적으로 움직일 수 있도록 이끄는 역할을 맡습니다.,심영이 씨는 2주에 한 번 외식 날이 되면 가족들과 함께 시골집 느낌의 식당에서 보리밥과 청국장을 주문해 건강한 한 끼를 즐깁니다. 심영이 씨는 가끔 기분 전환이 필요할 때 집 근처 교촌치킨에서 허니콤보 메뉴를 시켜 가족들과 나누어 먹습니다.,심영이 씨는 자녀들이 성인이 된 후에도 식탁에 둘러앉아 그날 있었던 일들을 조곤조곤 나누며 화목한 분위기를 유지합니다. 심영이 씨는 가끔 자녀들의 진로 문제로 의견 차이가 생기면 교육학 전공자답게 차분한 말투로 설득하며 타협점을 찾아냅니다.,심영이 씨는 송파구에서 성실하게 직장 생활을 하며 가족의 안녕과 자녀의 자립을 위해 헌신하는 정갈하고 합리적인 중년 여성입니다.,"송파구 잠실 인근에서 오래 거주하며 교육학을 전공한 정갈한 태도가 몸에 배어 있으며, 가족 간의 화목과 예의를 중시하는 합리적인 중년의 가치관을 가지고 있습니다.","교육학 전공자 특유의 전달력으로 복잡한 매뉴얼을 누구나 알기 쉽게 정리해 문서화하며, 소매업 현장의 재고 관리와 정산 업무를 오차 없이 꼼꼼하게 처리합니다.","['엑셀을 활용한 재고 및 매출 관리 표 작성', '신입 사무원 업무 적응을 위한 교육 매뉴얼 제작', '효율적인 전표 정리 및 지출 증빙 관리', '부서 간 의견 조율 및 원만한 커뮤니케이션']","주말이면 가족들과 석촌호수 둘레길을 천천히 산책하고, 가끔은 단골 목욕탕에서 뜨거운 탕에 몸을 담그며 일주일의 피로를 푸는 시간을 즐깁니다.","['석촌호수 산책 및 계절 꽃 구경', '가족과 함께하는 전국 온천 및 스파 여행', '단골 한식집의 청국장과 나물 반찬 먹기', 'TV 건강 프로그램 시청 후 집밥 식단에 적용하기', '지인들과의 정기적인 안부 전화 및 수다']","현재의 안정적인 직장 생활을 유지하며 자녀들이 완전히 자립할 때까지 경제적 토대를 단단히 다져주고, 은퇴 후에는 지역 사회 복지관에서 재능 기부 활동을 하며 시간을 보내고자 합니다.",여자,55,배우자있음,비현역,배우자·자녀와 거주,아파트,4년제 대학교,교육,사무 보조원,서울-송파구,서울,대한민국,50대,도보
cb33d1f432914776b448dcfe945b3ae6,이은진 씨는 정해진 직업은 없지만 가락동 일대 반상회에서 분위기를 주도하며 이웃 간의 크고 작은 갈등을 해결하는 중재자 역할을 자처합니다. 최근에는 집 근처 공방에서 가죽 공예 자격증을 취득해 소소하게 수익을 낼 수 있는 작은 작업실을 꾸리는 계획을 세우고 있습니다.,"이은진 씨는 매일 오후 이어폰으로 임영웅의 노래를 크게 틀어놓고 석촌호수 산책로를 천천히 한 바퀴 돕니다. 빠르게 걷는 것보다 주변 풍경을 구경하고 우연히 만난 지인과 수다를 떠는 것이 더 중요하기에, 정해진 운동 시간보다 이야기 나누는 시간이 훨씬 더 길어지곤 합니다.","이은진 씨는 거실 소파에 깊숙이 기대어 앉아 모바일 퍼즐 게임의 어려운 단계를 하나씩 깨나갈 때 짜릿한 성취감을 느낍니다. 임영웅의 노래 가사를 곱씹으며 집안일을 할 때면 무의식적으로 노래를 흥얼거리는 습관이 있으며, 화려한 예술 작품보다는 일상에서 바로 쓸 수 있는 실용적인 소품에 더 큰 매력을 느낍니다.","이은진 씨는 자녀들과 함께 강원도 양양의 조용한 리조트로 떠나 아무런 일정 없이 푹 쉬며 재충전하는 시간을 갖습니다. 유명 관광지를 바쁘게 돌아다니는 일정 대신, 숙소 근처 숲길을 느릿하게 걷거나 가족들과 맛있는 음식을 먹으며 밀린 이야기를 나누는 휴양 중심의 여행을 즐깁니다.",이은진 씨는 2주에 한 번 정도 동네 친구들과 모여 바삭한 후라이드 치킨을 시켜 놓고 그동안 있었던 동네 소식을 나누며 스트레스를 풉니다. 평소 외식으로는 고기구이보다는 정갈하게 나오는 나물 비빔밥이나 청국장 같은 한식당을 찾아 건강한 한 끼를 챙기려 노력합니다.,"이은진 씨는 이혼 후 홀로 자녀들을 키워내며 집안의 중심축 역할을 해왔고, 이제는 자녀들이 사회적으로 완전히 자리를 잡을 때까지 든든한 버팀목이 되어주려 합니다. 가끔 자녀들과 의견 충돌이 생겨 며칠간 냉전 상태가 되기도 하지만, 결국은 정성스럽게 차린 집밥으로 먼저 손을 내밀어 화해를 이끌어냅니다.","이은진 씨는 송파구 가락동에서 자녀를 홀로 키우며 실속 있게 살림을 꾸려온, 현실적이고 사교적인 50대 여성입니다.","송파구 가락동의 오래된 아파트 단지에서 자녀를 홀로 키우며 살림을 꾸려왔습니다. 고등학교 졸업 후 일찍이 가정생활에 집중하며 실속 있게 자산을 관리해 왔고, 동네 반상회나 학부모 모임에서 분위기를 주도하며 인맥을 관리하는 능숙함을 갖추고 있습니다.","가계부의 세부 항목을 꼼꼼히 나누어 관리하는 살림 솜씨가 뛰어나며, 동네 마트의 할인 주기와 제철 식재료의 시세를 정확히 꿰고 있습니다. 갈등이 생긴 지인들 사이에서 중심을 잡고 상황을 정리하는 중재 능력이 탁월합니다.","['손글씨 가계부를 활용한 자산 관리', '지역 시장 및 마트 물가 분석', '모임 일정 조율 및 장소 선정', '효율적인 집안 공간 배치 및 정리']","석촌호수 산책로를 천천히 걸으며 임영웅의 노래를 듣는 시간으로 하루의 피로를 풉니다. 밤에는 거실 소파에 기대어 모바일 퍼즐 게임의 단계를 깨며 성취감을 느끼고, 가끔 친구들과 동네 치킨집에 모여 밀린 이야기를 나누며 스트레스를 해소합니다.","['석촌호수 산책', '임영웅 노래 감상', '모바일 퍼즐 게임', '동네 지인들과의 치킨 외식']",자녀들이 사회적으로 자리를 잡을 때까지 현재의 주거 환경을 안정적으로 유지하며 내실을 다지는 것에 집중합니다. 가끔은 소소하게 수익을 낼 수 있는 소규모 공방 운영이나 자격증 취득에 관심을 가지며 소일거리를 찾습니다.,여자,52,이혼,비현역,자녀와 거주 (한부모),아파트,고등학교,해당없음,무직,서울-송파구,서울,대한민국,50대,버스
28932996c97a4c3bba4efde4c3f3b177,"배혜승 씨는 교육기관 행정실에서 강사들의 까다로운 요구사항을 유연하게 조율하며 빈틈없이 수강생 시간표를 짜내는 베테랑 사무원입니다. 배혜승 씨는 반복되는 서류 작업을 효율적으로 줄인 자신만의 업무 매뉴얼을 만들어 후임자에게 물려주려는 계획을 세우며, 퇴직 후에는 작은 문화 공방의 운영을 돕는 삶을 꿈꿉니다.",배혜승 씨는 격렬한 운동 대신 동네 목욕탕에서 멍하니 시간을 보내며 일주일의 피로를 씻어내는 정적인 휴식을 즐깁니다. 배혜승 씨는 주말 오후 거실 소파에서 짧은 낮잠을 자거나 인터넷 영상을 시청하며 몸과 마음을 완전히 이완시키는 시간을 보냅니다.,배혜승 씨는 정동길의 작은 갤러리들을 천천히 거닐며 이름 모를 신진 작가의 낯선 화풍을 감상하는 시간을 가장 소중히 여깁니다. 배혜승 씨는 최신 전시 트렌드가 담긴 독립 잡지를 구독하며 전문대 시절부터 품어온 예술적 동경을 조금씩 채워나갑니다.,배혜승 씨는 휴가철이면 가족들과 함께 제주도나 강원도의 한적한 리조트를 찾아 아무런 계획 없이 온전한 쉼을 누리는 여행을 떠납니다. 배혜승 씨는 유명 관광지를 바쁘게 돌아다니는 일정 대신 숙소의 푹신한 침대에서 책을 읽거나 창밖 풍경을 구경하며 시간을 보냅니다.,배혜승 씨는 주말마다 가족들과 함께 나물 정식이 정갈하게 나오는 한식당을 찾아 건강한 한 끼를 챙겨 먹습니다. 배혜승 씨는 평일 퇴근길에 성수동의 소금빵 맛집에 들러 갓 구운 빵을 사 들고 가며 업무로 쌓인 스트레스를 해소합니다.,배혜승 씨는 송파구 다세대 주택에서 배우자와 자녀들과 함께 북적이며 살아가며 가족들의 일상적인 고민을 묵묵히 들어주는 든든한 버팀목 역할을 합니다. 배혜승 씨는 때로는 집안일의 무게에 지치기도 하지만 가족과 함께하는 주 1회 외식 시간만큼은 세상 누구보다 활기차게 대화를 주도합니다.,배혜승 씨는 송파구에서 교육 행정직으로 근무하며 예술적 감성과 현실적인 성실함 사이의 균형을 찾아가는 50대 여성입니다.,"송파구의 다세대 주택 밀집 지역에서 생활하며, 전문대 시절부터 이어온 예술에 대한 동경을 일상의 작은 틈새로 채우며 살아왔습니다. 실용적인 교육을 받았으나 정해진 틀보다는 늘 새로운 관점에 마음이 끌리는 기질 덕분에, 나이와 상관없이 최신 전시 트렌드나 독립 잡지에 관심을 둡니다.","교육 기관의 행정실에서 수많은 수강생의 시간표를 짜고 강사들의 까다로운 요구사항을 조율하며, 돌발 상황에서도 당황하지 않고 유연하게 대안을 찾아내는 능력이 탁월합니다. 복잡한 서류 작업 속에서도 누락 없이 일정을 관리하는 꼼꼼함을 갖추고 있습니다.","['교육 과정 학사 일정 설계 및 운영', '다양한 이해관계자 간의 갈등 중재 및 조율', '효율적인 문서 체계 구축 및 데이터 관리', '예산 집행 및 정산 행정 처리']","주말이면 가족과 함께 정갈한 나물 정식집을 찾거나, SNS에서 화제가 된 성수동의 소금빵 맛집을 찾아다니는 소소한 탐방을 즐깁니다. 평일의 피로를 풀기 위해 동네 사우나에서 땀을 뺀 뒤, 가끔은 혼자 정동길의 작은 갤러리를 거닐며 낯선 화풍의 그림을 감상하는 시간을 갖습니다.","['전국 유명 베이커리 투어 및 빵지순례', '현대 미술관 및 독립 갤러리 전시 관람', '동네 사우나에서 즐기는 정기적인 휴식', 'OTT 플랫폼을 통한 해외 예술 영화 시청']","현재의 안정적인 직무 전문성을 유지하면서, 반복적인 행정 절차를 간소화하는 자신만의 매뉴얼을 만들어 후임자에게 물려줄 수 있는 숙련된 관리자가 되고 싶어 합니다. 업무 외적으로는 행정직 경험을 살려 작은 공방이나 문화 공간의 운영을 돕는 일을 꿈꿉니다.",여자,51,배우자있음,비현역,배우자·자녀와 거주,다세대주택,2~3년제 전문대학,해당없음,교육 및 훈련 사무원,서울-송파구,서울,대한민국,50대,복합수단
a0d6c82b8a52415190fa33688c5b29c9,고용조 씨는 문정동 일대에서 복잡한 임대차 계약서의 독소 조항을 잡아내거나 관공서의 까다로운 민원 서류를 일사천리로 처리해 주는 동네 해결사로 통합니다. 고용조 씨는 이제 개인의 성취보다는 아파트 입주자 대표 회의에서 불투명한 관리비 집행 내역을 송두리째 뜯어고쳐 지역 사회의 질서를 세우는 일에 몰두하고 있습니다.,"고용조 씨는 주말마다 북한산 둘레길을 오르며 바위 틈에 핀 야생화나 계절의 색이 바뀐 단풍을 고화질 카메라에 담는 일에 집중합니다. 고용조 씨는 등산 속도보다는 정해진 코스를 완벽하게 완주하는 계획적인 산행을 고집하며, 하산 후 동료들과 나누는 시원한 막걸리 한 잔을 가장 기다립니다.","고용조 씨는 문정동 사우나의 따뜻한 온탕에 몸을 담근 채 최신 시사 잡지를 읽으며 세상 돌아가는 형편을 분석하고 지인들과 치열한 논쟁을 벌입니다. 고용조 씨는 복잡한 사회적 이슈를 법적 근거를 들어 명쾌하게 정의 내리는 과정에서 지적 쾌감을 느끼며, 이를 통해 자신의 존재감을 확인합니다.",고용조 씨는 오랜 친구들과 함께 전국의 숨겨진 명소를 찾아다니며 웅장한 산맥이나 잔잔한 호수의 풍경을 감상하는 여행을 즐깁니다. 고용조 씨는 유명 관광지의 북적임보다는 자연 그대로의 모습이 보존된 곳을 찾아가 정교하게 짜인 일정표에 따라 움직이며 풍경 사진을 기록합니다.,"고용조 씨는 일주일에 대여섯 번은 집 밖에서 식사를 해결하며, 주로 나물 비빔밥이나 청국장 같은 고기 없는 정갈한 한식을 즐겨 찾습니다. 고용조 씨는 가끔씩 배달 앱으로 주문한 바삭한 후라이드 치킨에 맥주를 곁들이며 일주일의 긴장을 풀지만, 식당의 서비스 효율성이 떨어지면 조용히 메모해 두었다가 개선을 요구합니다.","고용조 씨는 배우자와 자녀들이 함께 사는 집안에서도 가계부의 오차를 잡아내거나 효율적인 가사 분담 체계를 세우려는 관리자적인 면모를 보입니다. 고용조 씨는 가족들에게 무뚝뚝하게 굴 때가 많지만, 자녀들의 법적 고민이나 행정적인 문제가 생기면 누구보다 앞장서서 실질적인 해결책을 찾아내는 든든한 버팀목이 되어줍니다.","고용조 씨는 법학 지식과 논리적 사고를 바탕으로 송파구 지역 사회의 불합리함을 바로잡으려 노력하며, 건강 관리의 허점과 사회적 활동 사이의 균형을 찾는 60대 가장입니다.","60년대 고도 성장기의 치열한 경쟁 속에서 성장했으며, 송파구의 오피스텔에서 거주하며 대학 시절 전공한 법학 지식을 바탕으로 일상의 모든 일을 논리적 근거와 효율성 중심으로 처리하는 습관이 있습니다.","행정 절차와 법적 서류의 허점을 빠르게 찾아내는 눈이 있어, 주변 지인들이 임대차 계약서를 검토하거나 복잡한 관공서 민원을 해결해야 할 때 실질적인 해결책을 제시하는 해결사 역할을 합니다.","['부동산 임대차 계약서 독소 조항 분석', '공공기관 민원 신청 및 행정 절차 처리', '집단 내 이해관계 조정 및 중재', '체계적인 일정 계획 및 실행 관리']","문정동 사우나에서 지인들과 최신 시사 잡지를 읽으며 토론하고, 주말이면 친구들과 북한산 둘레길을 걸으며 계절마다 변하는 풍경을 사진으로 남기는 일상을 보냅니다.","['북한산 및 도봉산 등산과 풍경 사진 촬영', '문정동 동네 사우나 정기 방문 및 담소', '스마트폰 바둑 및 전략 퍼즐 게임', '석촌호수 산책 후 주변 한식당 탐방']","이제는 개인의 영달보다 지역 사회에서의 존재감에 집중하며, 아파트 입주자 대표 회의나 지역 자치 위원회에서 불합리한 관행을 바로잡는 운영 체계를 구축해 인정받기를 원합니다.",남자,62,배우자있음,비현역,배우자·자녀와 거주,주택 이외의 거처,4년제 대학교,경영·행정·법,무직,서울-송파구,서울,대한민국,60대,자차
f26d3c9f62b142edb86268f867d13015,"오상준 씨는 송파구 물류 터미널에서 수십 년간 짐을 실으며, 어떤 크기의 박스라도 테트리스처럼 빈틈없이 쌓아 올리는 독보적인 공간 배치 능력을 가졌습니다. 정해진 출고 시간을 단 1분도 어기지 않는 꼼꼼함으로 현장 동료들의 두터운 신뢰를 받으며, 65세 정년까지 지금처럼 성실하게 완주하는 것을 목표로 묵묵히 일합니다.",오상준 씨는 주말이면 낡은 운동화를 신고 올림픽공원 산책로를 천천히 걸으며 계절의 변화를 살피는 것으로 몸을 풉니다. 동네 기원에서 장기판 앞에 앉아 상대의 수를 읽으며 땀을 흘리는 시간은 그에게 단순한 오락을 넘어 일주일의 스트레스를 날리는 유일한 스포츠입니다.,오상준 씨는 거실 소파에 깊숙이 몸을 파묻고 나훈아의 구수한 노래 가락을 들으며 지난 세월의 회한과 그리움을 달래는 시간을 가장 좋아합니다. 화려한 전시회나 세련된 음악보다는 TV 속 가요 무대나 옛날 영화의 익숙한 장면들을 보며 마음의 안식을 찾는 소박한 예술 취향을 가졌습니다.,오상준 씨는 마음 맞는 고향 친구들과 함께 강원도 설악산이나 남해안의 한적한 바닷가를 찾아 탁 트인 풍경을 바라보며 멍하게 시간을 보내는 여행을 즐깁니다. 유명 관광지를 바쁘게 돌아다니기보다 벤치에 앉아 산바람을 쐬며 도란도란 옛이야기를 나누는 느린 여정에 행복을 느낍니다.,오상준 씨는 2주에 한 번 정도 아내와 함께 동네 단골 삼겹살집에서 지글지글 익어가는 고기에 소주 한 잔을 곁들이는 식사를 최고의 만찬으로 칩니다. 가끔 손주들이 찾아오는 날이면 낯설지만 고소한 냄새가 나는 롯데리아 햄버거를 주문해 함께 나누어 먹으며 시대의 변화를 입맛으로 체감합니다.,"오상준 씨는 중학교 졸업 후 곧바로 생업에 뛰어들어 자녀들을 뒷바라지해 온 책임감 강한 아버지이며, 집안의 크고 작은 갈등을 조용히 덮어주며 화목을 유지하는 완충제 역할을 합니다. 무뚝뚝한 표현 방식 탓에 속마음을 다 전하지는 못하지만, 퇴근길에 아내가 좋아하는 과일 한 봉지를 슬쩍 식탁에 올려두는 다정한 구석이 있습니다.","오상준 씨는 송파구에서 평생 성실하게 물류 현장을 지켜온 가장으로, 소박한 일상과 이웃 간의 정을 소중히 여기며 건강한 노후를 준비하는 60대 남성입니다.","송파구의 오래된 아파트 단지에서 이웃들과 정을 나누며 살아왔고, 중학교 졸업 후 곧바로 생업에 뛰어들어 가족을 부양해 온 세대의 성실함이 몸에 배어 있습니다. 갈등을 싫어해 동네 어르신들의 궂은일을 도맡아 하며 넉살 좋게 어울리는 편입니다.","수십 년간 물류 현장에서 짐을 실으며 쌓은 노하우로, 어떤 크기의 화물이라도 가장 효율적이고 안전하게 쌓는 공간 배치 능력이 탁월합니다. 정해진 시간에 정확히 물량을 처리하는 꼼꼼함 덕분에 현장에서 신뢰가 두텁습니다.","['화물 적재 최적화', '중량물 안전 운반', '물류 현장 동선 관리', '현장 인력 조율']","주말이면 올림픽공원 산책로를 천천히 걷고, 동네 기원이나 경로당에서 장기를 두며 시간을 보냅니다. 가끔 친구들과 삼겹살집에서 소주잔을 기울이거나 거실 소파에 기대어 나훈아의 노래를 듣는 것이 가장 큰 낙입니다.","['올림픽공원 산책', '동네 기원 장기 두기', '나훈아 노래 감상', '친구들과의 소주 모임']",큰 욕심보다는 건강을 유지하며 65세까지는 지금처럼 성실하게 일해 자녀들에게 짐이 되지 않는 삶을 유지하고 싶어 합니다. 퇴직 후에는 소소하게 집 근처에서 시간을 보내는 평온한 일상을 꿈꿉니다.,남자,63,배우자있음,비현역,배우자·자녀와 거주,아파트,중학교,해당없음,하역 및 적재 관련 단순 종사원,서울-송파구,서울,대한민국,60대,자차
42ae1d9789b042dbbadd0a302202b51d,"이용선 씨는 수십 년간 물류 창고를 누비며 트럭 짐칸의 빈틈만 보고도 적재량을 단번에 맞히는 동물적인 감각을 가졌습니다. 거친 현장 사람들 사이에서도 능청스러운 말솜씨로 험악해진 분위기를 금세 누그러뜨리던 그는, 이제 구청 디지털 교육실에서 돋보기를 쓰고 스마트폰 자판과 씨름하며 배움의 한을 풀고 있습니다.","이용선 씨는 올림픽공원 테니스장에서 라켓을 휘두르며 땀을 뻘뻘 흘리는 시간에서 삶의 활력을 찾습니다. 동호회 회원들과 왁자지껄하게 경기를 뛴 뒤, 누가 먼저랄 것도 없이 근처 평양냉면집으로 향해 시원한 육수를 들이켜는 일과를 가장 소중하게 여깁니다.",이용선 씨는 충주호 낚시터에 앉아 나훈아의 구슬픈 노래를 크게 틀어놓고 물결을 바라보며 멍하게 시간을 보내는 순간에 가장 큰 평온을 얻습니다. 거실 소파에 누워 TV 채널을 돌리며 옛 가요 프로그램의 무대를 감상하는 시간은 그가 가장 좋아하는 휴식입니다.,"이용선 씨는 친목 모임 회원들과 함께 전국의 조용한 휴양지를 찾아다니며 느긋하게 시간을 보내는 여행을 즐깁니다. 빡빡한 일정표보다는 그날그날 기분에 따라 발길 닿는 대로 움직이며, 동료들의 기분을 맞추느라 정작 본인이 가고 싶은 곳은 말하지 못하고 따라가는 경우가 많습니다.",이용선 씨는 일주일에 두세 번씩 배달 앱으로 일식 초밥이나 고기 요리를 시켜 먹으며 입맛을 돋웁니다. 2주에 한 번쯤은 단골 한식당에서 지글지글 구운 돼지갈비를 쌈에 싸 먹으며 그동안 쌓인 스트레스를 시원하게 풀어냅니다.,"이용선 씨는 송파구 아파트에서 아내와 단둘이 오순도순 살아가며 집안의 궂은일을 도맡아 처리하려 애씁니다. 배려심이 깊어 아내의 잔소리를 묵묵히 들어주지만, 때로는 자신의 서운함을 속으로 삼키다 멍하니 창밖을 바라보는 버릇이 있습니다.","이용선 씨는 물류 현장의 베테랑에서 송파구의 테니스 애호가로 변신해, 배움에 대한 갈증과 건강 고민을 안고 살아가는 정 많은 60대 가장입니다.","1960년 무렵 서울의 좁은 골목길에서 성장하며 중학교 졸업 후 곧바로 동대문 시장의 의류 도매업소에서 일손을 도왔습니다. 현재는 송파구의 계획된 도로망과 석촌호수의 정돈된 풍경 속에서 안정을 느끼며, 세월의 흐름에 따라 변한 도시의 모습에 때때로 묘한 거리감을 느낍니다.",수십 년간 물류 창고에서 재고를 관리하며 트럭 한 대의 부피만 보고도 적재량을 정확히 가늠하는 눈썰미를 갖췄습니다. 거친 현장 사람들과 부딪히며 다져진 유연한 말솜씨로 험악해진 분위기를 금방 누그러뜨리는 능력이 탁월합니다.,"['창고 재고 및 물동량 파악', '현장 인력 갈등 중재', '상황별 맞춤형 응대', '효율적인 적재 공간 설계']",올림픽공원 테니스장에서 땀을 흘린 뒤 동료들과 함께 시원한 평양냉면을 먹으러 가는 일과를 즐깁니다. 충주호 인근 낚시터에서 나훈아의 노래를 크게 틀어놓고 찌를 바라보며 멍하게 시간을 보내는 순간에 가장 큰 평온을 얻습니다.,"['올림픽공원 테니스', '충주호 민물낚시', '나훈아 노래 감상', '석촌호수 둘레길 산책', '배달 앱으로 일식 초밥 주문하기']","지역 동호회 회원들과 함께 소규모 테니스 대회를 직접 기획해 운영해보고 싶어 합니다. 학업을 일찍 마친 것에 대한 아쉬움이 마음 한구석에 남아 있어, 최근에는 구청에서 운영하는 시니어 디지털 교육 과정에 참여해 스마트폰 활용법을 익히고 있습니다.",남자,65,배우자있음,비현역,배우자와 거주,아파트,중학교,해당없음,무직,서울-송파구,서울,대한민국,60대,자차
e4091ad9b4ce4b108fbb4a8a17f41545,"고영진 씨는 송파구의 한 사업지원센터에서 전화 상담원으로 근무하며, 쏟아지는 민원인의 날카로운 고함 속에서도 핵심 요구사항을 빠르게 짚어내는 노련함을 보입니다. 정년까지 무사히 자리를 지키기 위해 매일 아침 낡은 넥타이를 매며, 화난 고객을 달래는 부드러운 말투 뒤로 밀려오는 정신적 피로감을 숨기곤 합니다.",고영진 씨는 헬스장이나 격렬한 운동 대신 주말마다 동네 목욕탕의 뜨거운 온탕에 몸을 담그고 뻐근한 허리를 푸는 시간을 가장 소중히 여깁니다. 가끔 설악산 숲길을 천천히 걸으며 폐부 깊숙이 맑은 공기를 들이마시는 것으로 체력을 유지합니다.,고영진 씨는 거실 소파에 누워 유튜브로 역사 다큐멘터리를 시청하며 옛이야기에 빠져드는 시간을 즐깁니다. 경주 불국사의 돌담길을 따라 걸으며 세월의 흔적을 느끼는 정적인 아름다움에 깊은 위안을 얻습니다.,"고영진 씨는 꼼꼼한 일정표 없이 가족들과 함께 무작정 차를 몰아 자연명승지로 떠나는 즉흥적인 여행을 즐깁니다. 유명 관광지보다는 나무가 우거진 삼림욕장에서 아무 생각 없이 걷거나, 조용한 사찰 마루에 앉아 멍하게 시간을 보내는 휴식을 추구합니다.","고영진 씨는 일주일에 대여섯 번은 집 근처 갈비집이나 정갈한 일본식 돈가스 전문점에서 식사를 해결하며 가족들과 시간을 보냅니다. 배달 음식은 보름에 한 번 정도 별미로 주문하지만, 주로 갓 지은 솥밥이 나오는 한식당의 든든한 한 상 차림에서 가장 큰 만족감을 느낍니다.","고영진 씨는 송파구의 낡은 다세대 주택에서 아내와 자녀들과 부대끼며 살아가며, 자녀들이 완전히 독립하는 날까지 든든한 울타리가 되어주겠다는 책임감으로 하루를 버팁니다. 때로는 무뚝뚝한 아버지의 모습이지만, 자녀들이 좋아하는 생선구이를 몰래 사 들고 들어오는 다정한 면모가 있습니다.","고영진 씨는 송파구에서 가족을 위해 헌신하는 노련한 상담원이자, 소박한 휴식과 자연 속의 평온함을 사랑하는 성실한 가장입니다.","송파구의 오래된 다세대 주택가에서 자녀들과 함께 살며, 급변하는 서울의 모습 속에서도 자신만의 속도를 지키며 살아왔습니다. 고등학교 졸업 후 곧바로 사회생활에 뛰어들어 성실함을 최고의 가치로 여기지만, 가끔은 전월세 생활의 불안함과 가장으로서의 책임감 사이에서 말 못 할 고민을 안고 있습니다.","수년간 전화 상담원으로 근무하며 상대방의 날카로운 말투 속에서도 핵심 요구사항을 빠르게 파악해 내는 능력이 탁월합니다. 감정 섞인 불만을 제기하는 고객을 능숙하게 진정시키면서도, 회사의 원칙을 부드럽게 관철시키는 대화의 기술을 가지고 있습니다.","['악성 민원인 대응 및 심리적 완화 기법', '핵심 요구사항 빠른 파악 및 요약', '비대면 상황에서의 공감적 경청', '사무용 소프트웨어를 활용한 상담 이력 관리']","주말이면 동네 목욕탕에서 뜨거운 탕에 몸을 담가 일주일의 피로를 풀고, 거실 소파에서 짧은 낮잠을 자는 시간에서 가장 큰 행복을 느낍니다. 가끔은 가족들과 함께 경주 불국사나 설악산처럼 탁 트인 자연과 유적이 있는 곳으로 계획 없이 떠나 숲길을 걷고 맑은 공기를 마시며 머리를 식힙니다.","['송파구 동네 사우나 단골 방문', '유튜브로 역사 다큐멘터리와 옛날 노래 감상', '올림픽공원 숲길 산책', '가족들과 함께하는 삼겹살집 외식', '동네 일식집에서 즐기는 초밥 식사']","이제는 승진이나 성취보다는 현재의 자리를 안정적으로 유지하며 정년까지 무사히 완주하는 것에 집중하고 있습니다. 매달 들어오는 일정한 월급으로 가족들의 생계를 책임지고, 자녀들이 완전히 독립할 때까지 든든한 버팀목이 되어주는 것이 현재의 가장 큰 목표입니다.",남자,64,배우자있음,비현역,배우자·자녀와 거주,다세대주택,고등학교,해당없음,전화 상담원,서울-송파구,서울,대한민국,60대,지하철
0f0874ef44cb4ee7b3f7c23e98c7e606,"김광호 씨는 송파구의 정밀 광학 기기 수리 현장에서 돋보기와 핀셋 하나로 외산 장비의 미세한 오차를 잡아내는 베테랑입니다. 도면조차 없는 낡은 기계의 구동음만 듣고도 고장 부위를 정확히 짚어내며, 요즘은 은퇴를 앞두고 자신의 숙련된 감각을 후배들에게 전수하는 일에서 큰 보람을 찾습니다.","김광호 씨는 주말이면 고교 동창들과 함께 충주호나 안동호의 고요한 물가를 찾아 낚싯대를 드리우며 일상의 긴장을 해소합니다. 가끔은 근처 산을 오르며 땀을 흘리지만, 하산 후에는 반드시 시원한 막걸리 한 잔을 곁들여야 직성이 풀리는 전형적인 60대 남성의 여가 생활을 즐깁니다.","김광호 씨는 거창한 전시회보다는 거실 소파에 편히 누워 TV 프로그램이나 유튜브 영상을 시청하며 시간을 보내는 소박한 휴식을 즐깁니다. 정밀 기계를 다루는 직업 덕분에 시각적인 세밀함에는 익숙하지만, 이를 예술적으로 감상하기보다는 단순한 구경꾼으로서의 즐거움에 만족합니다.","김광호 씨는 친목 모임 회원들과 함께 전국 곳곳의 수려한 자연경관을 찾아다니며 풍경을 감상하는 여행을 즐깁니다. 빽빽한 일정표에 따라 움직이는 패키지 여행보다는, 발길 닿는 대로 걷다가 마음에 드는 정자나 바위가 나오면 한참을 머무는 느긋한 여행 방식을 고수합니다.","김광호 씨는 한 달에 한 번 정도 송파구 단골 중국집을 찾아 얼큰한 짬뽕 한 그릇을 비우며 일주일의 스트레스를 씻어냅니다. 평소에는 고기가 들어가지 않은 담백한 한식 나물 반찬을 선호하면서도, 가끔은 술안주로 곁들이는 기름진 중식 요리의 유혹에 쉽게 무너지곤 합니다.","김광호 씨는 평생을 함께하며 내조해 준 배우자와 송파구 아파트에서 오붓하게 노후를 준비하고 있습니다. 사회에서는 호탕하고 주도적인 성격으로 통하지만, 집안에서는 정리정돈에 서툰 모습을 보여 아내에게 종종 잔소리를 듣는 평범한 남편입니다.","김광호 씨는 송파구에서 정밀 광학 기기를 수리하며 평생을 성실하게 살아온, 기술적 자부심이 강하고 사람들과 어울리기를 좋아하는 60대 가장입니다.","송파구의 흙길이 아스팔트로 바뀌는 과정을 모두 지켜보며 살아왔으며, 고등학교 졸업 후 곧바로 현장에 뛰어들어 기술 하나로 가정을 일군 성실함이 몸에 배어 있습니다.","돋보기와 정밀 핀셋을 이용해 머리카락보다 얇은 오차까지 잡아내며, 오래된 외산 광학 장비의 도면 없이도 소리만으로 고장 부위를 찾아내는 숙련된 감각을 가졌습니다.","['정밀 렌즈 세척 및 광축 조정', '구형 의료용 현미경 분해 수리', '광학 기기 오차 측정 및 보정', '정밀 공구 유지 관리']","주말이면 동창들과 충주호나 안동호로 낚시를 떠나 밤새 술잔을 기울이며, 평소에는 송파구 인근의 단골 중국집에서 짬뽕 한 그릇을 비우며 스트레스를 풉니다.","['충주호 민물 낚시', '북한산 둘레길 가벼운 산책', '유튜브로 고전 가요 감상', '동네 지인들과의 중식 외식']","이제는 현직에서 물러날 준비를 하며, 자신이 가진 수리 노하우를 후배들에게 전수해 공장 내 기술 공백이 생기지 않게 하는 것에 보람을 느낍니다.",남자,60,배우자있음,비현역,배우자와 거주,아파트,고등학교,해당없음,광학기구 수리원,서울-송파구,서울,대한민국,60대,도보
9c9151ed60c7469584f9967c8d56a559,"김의홍 씨는 송파구 일대 빌라와 아파트의 노후 상태를 수첩에 꼼꼼히 기록하며, 세입자들의 까다로운 민원을 번호 순대로 정리해 해결하는 완벽주의적 관리인입니다.","김의홍 씨는 주말마다 등산화 끈을 단단히 묶고 관악산 흙길을 오르며, 평일에는 동네 헬스장에서 가벼운 유산소 운동과 뜨끈한 사우나로 하루의 피로를 풉니다.","김의홍 씨는 거실 소파에 앉아 TV 뉴스를 챙겨 보며 세상 돌아가는 형편을 살피고, 가끔은 가락동 시장통의 북적이는 사람 냄새와 잠실의 화려한 야경이 어우러진 풍경을 가만히 감상합니다.","김의홍 씨는 고등학교 동창들과 함께 전국의 이름난 숲길과 계곡을 찾아다니며, 울창한 나무 사이로 비치는 햇살과 물소리를 배경으로 기념사진을 남기는 여행을 즐깁니다.","김의홍 씨는 일주일에 닷새 이상 집 밖에서 식사를 하며, 특히 단골 주점에서 시원한 테라 맥주 한 잔에 매콤한 두부김치나 쌉싸름한 도토리묵을 곁들여 지인들과 낮은 목소리로 이야기를 나눕니다.","김의홍 씨는 아침마다 정갈하게 다려진 셔츠를 입고 집안일을 돕는 다정한 남편이자 아버지이며, 자녀들이 독립하는 날까지 든든한 버팀목이 되어주고 싶어 하는 책임감 강한 가장입니다.","김의홍 씨는 송파구에서 성실하게 부동산 관리직으로 일하며, 철저한 자기관리와 가족에 대한 책임감 사이에서 소박한 행복을 찾는 60대 가장입니다.","송파구 가락동 시장통의 북적임과 잠실의 고층 빌딩 숲이 공존하는 풍경 속에서 수십 년을 보냈습니다. 정해진 시간에 일어나 집안일을 돕고 매일 아침 정갈하게 옷을 챙겨 입는 규칙적인 생활이 몸에 배어 있으며, 예의와 격식을 갖추는 것을 중요하게 생각합니다.",부동산 관리 업무를 수행하며 매물의 세부 상태를 꼼꼼하게 기록하고 세입자들의 민원을 체계적인 목록으로 정리하여 처리하는 데 능숙합니다. 복잡한 서류 뭉치 속에서도 필요한 내용을 빠르게 찾아내어 정확하게 안내하는 습관이 있습니다.,"['임대 매물 상태 체크리스트 작성', '임대차 계약 기초 서류 정리', '단지 내 시설물 유지보수 일정 관리', '민원 처리 이력 데이터베이스화']",주말이면 친목 모임 사람들과 함께 관악산이나 북한산의 흙길을 밟으며 계절의 변화를 관찰합니다. 평일 저녁에는 동네 단골 주점에서 시원한 맥주 한 잔에 정갈한 두부김치나 도토리묵을 곁들이며 오랜 지인들과 낮은 목소리로 담소를 나누는 시간을 보냅니다.,"['관악산 및 북한산 등산 코스 탐방', '가락시장 인근 한식 주점 방문', '지역 배드민턴 클럽 활동', '동네 대중사우나 온탕 입욕', 'TV 뉴스 시청 및 시사 분석']",현재 맡은 관리직 업무에서 단 한 건의 실수 없이 완벽하게 마무리하여 주변 동료와 고용주에게 두터운 신뢰를 유지하는 것에 집중하고 있습니다. 은퇴 전까지 자녀들이 독립할 때 보탬이 될 수 있는 작은 자산을 차곡차곡 모으는 것을 현실적인 목표로 삼고 있습니다.,남자,69,배우자있음,비현역,배우자·자녀와 거주,아파트,고등학교,해당없음,그 외 서비스 관련 단순 종사원,서울-송파구,서울,대한민국,60대,버스
73862a88f9bd4d5ebc9a564f173bcb8b,"하정애 씨는 수십 년간 송파구의 한 아파트에서 살림을 도맡으며 가족들의 끼니와 옷가지를 챙겨온 전업주부입니다. 정해진 출퇴근 시간은 없지만, 매일 아침 집안 구석구석을 닦고 시장에서 싱싱한 제철 식재료를 고르는 일을 삶의 가장 중요한 과업으로 삼고 살아왔습니다.",하정애 씨는 매주 화요일마다 셔틀콕을 주고받는 배드민턴 모임에 나가 땀을 뻘뻘 흘리며 이웃들과 수다를 떱니다. 격렬한 운동 후에는 단골 사우나의 온탕에 들어가 근육을 풀며 동네의 소소한 소식들을 주고받는 시간을 가장 기다립니다.,하정애 씨는 구청 문화센터의 수채화 반에서 붓을 잡고 가족들의 얼굴을 하나하나 그려 넣는 그림첩을 만드는 꿈을 꾸고 있습니다. 평소에는 돋보기를 쓰고 낡은 화집 속의 색감들을 유심히 살피며 자신만의 예술적 감성을 채우는 시간을 가집니다.,하정애 씨는 주말이면 남편과 자녀들의 손을 잡고 강원도 인제의 깊은 숲길을 찾아 이름 모를 야생화의 생생한 빛깔을 사진기로 담아냅니다. 바람 소리와 풀 내음이 가득한 자연 속에서 가족들과 함께 천천히 걷는 시간을 통해 마음의 평온을 얻습니다.,하정애 씨는 레시피 책을 보지 않고 손끝의 감각만으로 쌉싸름한 취나물과 고소한 도라지를 무쳐내는 솜씨 좋은 요리사입니다. 외식을 할 때는 깔끔한 나물 정식집이나 동네의 오래된 분식집에서 김밥 한 줄을 즐기는 소박한 입맛을 가졌습니다.,"하정애 씨는 배우자와 자녀들이 함께 사는 북적이는 집안에서 가족들의 건강 상태와 입맛을 누구보다 세밀하게 챙기는 든든한 버팀목입니다. 다정하게 가족들을 보살피면서도, 혼자만의 시간만큼은 예술적 상상을 펼치며 내면의 독립적인 세계를 조용히 가꾸어 나갑니다.","하정애 씨는 송파구에서 살림하며 예술적 갈망을 품고 살아가는, 건강과 가족 그리고 수채화라는 소박한 꿈을 가진 60대 여성입니다.","송파구의 오래된 아파트 단지에서 이웃들과 끈끈한 관계를 맺으며 살아왔습니다. 고등학교 졸업 후 전업주부로서 가정을 돌보는 삶에 충실했지만, 마음 한편에는 늘 갤러리 전시나 낯선 화집을 탐독하는 예술적 갈망을 품고 지냈습니다.",가족들의 입맛을 세밀하게 파악해 제철 나물을 활용한 정갈한 밑반찬을 만들어내는 솜씨가 뛰어납니다. 정해진 레시피에 얽매이지 않고 그날의 느낌에 따라 간을 맞추는 감각적인 요리 방식을 선호합니다.,"['제철 나물 무침', '분위기 있는 상차림', '이웃 간의 갈등 중재', '생활 소품 리폼']","매주 화요일이면 동네 친구들과 배드민턴을 치며 땀을 흘리고, 이후 단골 사우나에서 따뜻한 물에 몸을 녹이며 소소한 일상을 공유합니다. 주말에는 가족들과 함께 강원도 숲길을 찾아 이름 모를 야생화 사진을 찍으며 정서적인 휴식을 취합니다.","['올림픽공원 산책', '지역 문화센터 수채화 수업', '동네 지인들과의 배드민턴', '가족과 함께하는 자연 풍경 감상', '최신 드라마 정주행']",거창한 사회적 성취보다는 매일 아침 올림픽공원을 한 바퀴 돌며 복부 비만을 해결하고 혈압을 안정시키는 건강한 루틴을 만드는 데 집중하고 있습니다. 언젠가는 지역 문화센터 수채화 반에서 배운 실력으로 가족들의 얼굴을 담은 작은 그림첩을 완성하고 싶어 합니다.,여자,64,배우자있음,비현역,배우자·자녀와 거주,아파트,고등학교,해당없음,무직,서울-송파구,서울,대한민국,60대,자차
1671e26568ac4cfd95381ba4e1c5591e,"정선순 씨는 전문 기술 서비스 사무실의 모든 서류 흐름을 꿰뚫고 있는 살림꾼으로, 돋보기를 쓰고 꼼꼼하게 영수증 하나까지 대조하며 동료들의 실수까지 묵묵히 바로잡아 줍니다. 수십 년간 다져온 데이터 정리 노하우 덕분에 까다로운 외부 업체 담당자들도 그녀 앞에서는 함부로 말을 섞지 못할 만큼의 신뢰와 권위를 가지고 있습니다.","정선순 씨는 매일 아침 석촌호수 산책로의 흙길을 밟으며 하루를 시작하고, 주말이면 무릎 보호대를 든든하게 차고 북한산 등산코스를 오르며 땀을 흘립니다. 가끔 기분이 울적할 때는 집 근처 공원에서 줄넘기를 하며 잡생각을 털어내곤 합니다.",정선순 씨는 거실 소파에 깊숙이 기대앉아 유튜브로 임영웅의 노래 영상을 찾아보며 가사 하나하나에 담긴 애절함에 젖어드는 시간을 가장 좋아합니다. 수목원에 갈 때면 최신 스마트폰 카메라로 이름 모를 야생화의 색감을 세밀하게 담아내어 자녀들이 있는 단체 채팅방에 사진을 공유하는 것이 일상의 소소한 기쁨입니다.,"정선순 씨는 자녀들과 함께 전국의 유명한 수목원이나 국립공원을 찾아가 맑은 공기를 마시는 여행을 즐기며, 화려한 관광지보다는 나무가 울창한 숲길을 천천히 걷는 일정을 고집합니다. 여행지에서도 계획표를 꼼꼼하게 짜서 자녀들이 헤매지 않게 이끄는 가이드 역할을 자처합니다.","정선순 씨는 평소에는 집밥을 고수하며 외식은 두세 달에 한 번 정도 나물 반찬이 정갈하게 나오는 한정식집을 방문하지만, 금요일 밤만큼은 도미노피자의 콤비네이션 피자를 배달시켜 콜라와 함께 즐기는 파격적인 식성을 보입니다. 가끔은 햄버거 세트를 주문해 먹으며 젊은 세대의 입맛을 따라가 보려 노력합니다.","정선순 씨는 남편과 떨어져 지내는 외로움을 자녀들에 대한 지극한 사랑으로 채우며, 송파구의 오래된 아파트 단지 안에서 아이들과 함께 밥을 먹고 이야기를 나누는 시간을 삶의 절대적인 가치로 둡니다. 때로는 자녀들에게 잔소리가 심하다는 핀잔을 듣기도 하지만, 그것이 본인만의 애정 표현 방식임을 숨기지 않습니다.","정선순 씨는 송파구에서 자녀들을 위해 헌신하며 성실하게 살아온 사무 보조원으로, 정적인 휴식과 가족에 대한 깊은 애정을 가진 강인한 어머니입니다.","송파구의 오래된 아파트 단지에서 자녀들과 함께 생활하며, 일찍이 사회생활을 시작해 가정을 책임져 온 강인함이 몸에 배어 있습니다. 남편과는 떨어져 지내지만 자녀들과의 유대감을 최우선으로 여기며, 석촌호수 산책로나 올림픽공원의 계절 변화를 관찰하며 마음의 평온을 찾는 정적인 삶의 태도를 가지고 있습니다.","전문 기술 서비스 업체의 살림꾼으로, 수십 년간 쌓인 데이터 정리 노하우와 꼼꼼한 일정 관리 능력을 통해 사무실의 모든 서류 흐름을 꿰뚫고 있습니다. 복잡한 증빙 서류 처리나 까다로운 외부 업체와의 연락 업무에서도 실수 없이 매끄럽게 일을 처리하여 동료들의 절대적인 신뢰를 받습니다.","['장기 보관 문서의 체계적 분류 및 아카이빙', '정밀한 지출 증빙 및 비용 정산 처리', '업무 우선순위에 따른 효율적인 일정 조율', '한글 및 엑셀을 활용한 정갈한 보고서 작성']","주말이면 자녀들의 손을 잡고 북한산이나 유명한 수목원을 찾아가 맑은 공기를 마시며 풍경을 사진에 담는 시간을 가장 소중하게 생각합니다. 평일 저녁에는 일주일의 피로를 풀기 위해 도미노피자의 콤비네이션 피자를 배달시켜 먹거나, 조용한 거실에서 최신 트로트 가수의 영상을 찾아보며 혼자만의 휴식을 즐깁니다.","['전국 유명 수목원 및 자연 경관 답사', '동네 주민센터 배드민턴 동호회 활동', '유튜브를 통한 최신 트로트 곡 감상', '주말 가족 동반 등산 및 숲길 걷기']","이제는 급격한 성장보다는 지금까지 쌓아온 성실함을 바탕으로 무사히 정년을 맞이하고, 자녀들이 완전히 독립할 때까지 경제적 버팀목 역할을 충실히 수행하는 것에 가치를 둡니다. 퇴직 후에는 서두르지 않고 소소하게 배운 기술을 활용해 지역 사회에서 도움을 줄 수 있는 작은 소일거리를 찾는 것을 희망합니다.",여자,61,배우자있음,비현역,자녀와 거주 (배우자 별거),아파트,고등학교,해당없음,사무 보조원,서울-송파구,서울,대한민국,60대,도보
921f59acee43496898c01dc7e6420b0e,"이숙향 씨는 교육학을 전공한 지적 자부심을 바탕으로 송파구립도서관에서 아이들에게 그림책을 읽어주는 봉사활동에 매진합니다. 이숙향 씨는 아이들의 눈높이에서 복잡한 이야기를 쉽게 풀어내는 능력이 탁월하지만, 의욕이 앞서 수업 준비물을 간혹 빠뜨리는 덜렁거리는 면이 있습니다.","이숙향 씨는 매일 아침 석촌호수 둘레길을 천천히 걸으며 계절에 따라 변하는 벚꽃과 단풍의 색깔을 세밀하게 관찰합니다. 이숙향 씨는 동네 친구들과 함께 구립 체육센터에서 배드민턴을 치며 땀을 흘리고, 집 거실에서 가볍게 줄넘기를 하며 몸의 활력을 유지합니다.","이숙향 씨는 성수동의 최신 팝업 스토어나 갤러리를 찾아다니며 젊은 세대의 감각과 새로운 문화 공간을 경험하는 일을 즐깁니다. 이숙향 씨는 정기적으로 미용실을 방문해 세련된 보브 컷 스타일을 유지하며, 격식 있는 모임에서는 항상 단정한 진주 목걸이를 착용해 지적인 분위기를 냅니다.",이숙향 씨는 가족들과 함께 충남 예산이나 아산의 온천으로 여행을 떠나 따뜻한 물에 몸을 담그고 그동안의 회포를 풉니다. 이숙향 씨는 빡빡한 일정표를 짜기보다 그날그날 가족들의 기분에 맞춰 발길 닿는 대로 현지 맛집을 찾아다니는 여유로운 여정을 보냅니다.,이숙향 씨는 외식할 때 고기가 들어가지 않은 정갈한 나물 정식이나 두부 요리 전문점을 주로 찾습니다. 이숙향 씨는 가끔 입맛이 없을 때 배달 앱으로 매콤한 떡볶이와 꼬마김밥을 시켜 먹으며 소소한 일탈을 즐깁니다.,"이숙향 씨는 배우자와 자녀들이 함께 사는 집안의 분위기 메이커로서, 가족 간의 작은 다툼이 생기면 특유의 부드러운 화법으로 갈등을 중재합니다. 이숙향 씨는 자녀들에게 지나치게 간섭하지 않으려 노력하지만, 걱정이 앞서면 자신도 모르게 잔소리가 길어지는 습관이 있습니다.",이숙향 씨는 송파구에 거주하며 교육적 소양과 유연한 사고를 바탕으로 가족과 이웃을 다정하게 보살피는 지식인입니다.,"송파구에서 오래 거주하며 교육학을 전공한 지식인으로서의 자부심이 있으며, 예의와 격식을 중시하면서도 최신 유행하는 스마트폰 앱이나 새로운 문화 공간을 접하는 데 거리낌이 없는 유연한 사고방식을 가지고 있습니다.","상대방의 입장을 빠르게 파악해 복잡한 내용을 알기 쉽게 설명하는 능력이 탁월하며, 모임에서 갈등이 생겼을 때 부드러운 화법으로 분위기를 전환해 화합을 이끌어내는 사회적 기술이 능숙합니다.","['상대방의 눈높이에 맞춘 설명하기', '지역 커뮤니티 내 갈등 중재', '효율적인 가계 운영 및 관리', '배드민턴 경기 규칙 및 운영']","석촌호수 둘레길을 따라 계절의 변화를 관찰하며 걷는 시간을 소중히 여기며, 유튜브에서 건강 식단 영상을 찾아보며 공복혈당 관리를 위해 나물 위주의 저염식 식단을 직접 만들어 봅니다.","['석촌호수 산책 및 사진 찍기', '지역 배드민턴 클럽 활동', '유튜브 건강 정보 채널 구독', '가족과 함께하는 전국 온천 여행', '동네 김밥집 신메뉴 탐방']",정기적인 경제 활동보다는 지역 복지관이나 도서관에서 아이들에게 책을 읽어주는 봉사활동을 통해 자신의 교육적 배경을 나누며 정서적 충만함을 얻는 삶을 지향합니다.,여자,66,배우자있음,비현역,배우자·자녀와 거주,아파트,4년제 대학교,교육,무직,서울-송파구,서울,대한민국,60대,버스
96f66dd53d014a0eaafe9da86000e83b,"이인재 씨는 수십 년간 유통업계 관리자로 근무하며 익힌 협상력과 친화력으로, 지금도 동네 모임에서 사람들 사이의 갈등을 능숙하게 중재하는 해결사 역할을 합니다. 예상치 못한 문제가 생겨도 당황하지 않고 빠르게 대안을 찾아내 상황을 수습하는 임기응변이 몸에 배어 있습니다.","이인재 씨는 매일 오후 석촌호수 산책로를 천천히 걸으며 벚꽃이나 단풍 같은 계절의 변화를 살피고, 가벼운 운동 뒤에 찾아오는 기분 좋은 나른함을 즐깁니다.","이인재 씨는 손주가 설치해 준 유튜브 앱으로 임영웅 같은 트로트 가수의 무대 영상을 찾아보며 흥얼거리고, 동네 카페의 키오스크 주문법을 하나씩 익혀 나가는 작은 도전에서 성취감을 느낍니다.","이인재 씨는 친목 모임 회원들과 함께 강원도 양양이나 제주도 같은 조용한 휴양지로 떠나, 좋은 숙소에서 푹 쉬며 옛 추억을 나누는 여유로운 여행을 즐깁니다.","이인재 씨는 2주에 한 번 단골 중식당에서 짬뽕과 탕수육을 시켜 지인들과 시끌벅적하게 나누어 먹으며, 일주일에 한 번은 집에서 편하게 배달 음식을 시켜 먹는 소소한 일탈을 즐깁니다.","이인재 씨는 배우자와는 떨어져 지내지만 함께 사는 자녀들에게 권위를 내세우기보다, 고민을 편하게 털어놓을 수 있는 다정한 조언자가 되기 위해 서툴게나마 대화를 시도합니다.","이인재 씨는 송파구의 변화를 몸소 겪어온 유연한 사고방식의 어르신으로, 사람 사이의 정과 새로운 배움을 즐기며 주변에 긍정적인 에너지를 전하는 활력소 같은 분입니다.","송파구의 도시 개발 과정을 몸소 겪으며 성장한 세대로, 유교적인 엄격함보다는 사람 사이의 정과 활기찬 소통을 중시하는 개방적인 태도를 지녔습니다. 고등학교 졸업 후 빠르게 사회에 뛰어들어 격동의 경제 성장기를 보냈으나, 나이가 들어서도 고집을 부리기보다 새로운 유행이나 젊은 세대의 사고방식을 호기심 있게 받아들입니다.",수십 년간 유통업계 현장에서 관리자로 근무하며 다양한 이해관계를 조율하고 사람들의 마음을 얻는 협상 능력을 체득했습니다. 처음 보는 이와도 금세 공감대를 형성하는 친화력과 예상치 못한 문제가 터졌을 때 빠르게 대안을 찾아내 상황을 수습하는 임기응변에 능숙합니다.,"['인적 네트워크 관리 및 확장', '현장 갈등 중재 및 협상', '효율적인 물류 흐름 파악', '친목 단체 운영 및 분위기 주도']","매일 오후 석촌호수 산책로를 걸으며 계절의 변화를 살피고, 2주에 한 번은 지인들과 단골 중식당에서 짬뽕과 탕수육을 나누며 시끌벅적하게 수다를 떱니다. 최근에는 손주들이 알려준 유튜브 앱으로 좋아하는 트로트 가수의 무대 영상을 찾아보거나, 동네 카페의 키오스크 주문법을 익혀 혼자 커피를 마시는 작은 도전을 즐깁니다.","['석촌호수 산책 및 풍경 감상', '유튜브 트로트 영상 시청', '단골 중식당 맛집 탐방', '친목 모임 일정 기획 및 주도', '스마트폰 신규 기능 익히기']","직장 생활의 성취보다는 이제는 주변 사람들에게 '함께 있으면 에너지가 생기는 어른'으로 기억되는 것에 만족을 느낍니다. 자녀들에게 권위적인 아버지보다는 대화가 통하는 편안한 조언자가 되고 싶어 하며, 지역 사회 모임에서 소외된 이들을 챙기는 활력소 역할을 자처합니다.",남자,77,배우자있음,비현역,자녀와 거주 (배우자 별거),아파트,고등학교,해당없음,무직,서울-송파구,서울,대한민국,70대,자차
56b590636b394b5e97ed9924d54668a3,"방정자 씨는 평생 가족의 끼니를 책임지며 다져온 절대적인 손맛을 가졌으며, 송파구 동네 어르신들 사이의 얽히고설킨 갈등을 부드럽게 풀어내는 해결사 역할을 자처합니다.","방정자 씨는 매일 오후 석촌호수 산책길을 느릿하게 걸으며 계절마다 변하는 나무의 색을 관찰하고, 벤치에 앉아 지나가는 사람들을 구경하며 숨을 고릅니다.","방정자 씨는 거실 소파에 앉아 임영웅의 노래 영상을 무한 반복해서 시청하며 위로를 얻고, 옛 시절의 애환이 담긴 트로트 가사에 깊이 몰입하며 시간을 보냅니다.","방정자 씨는 명절이나 휴일에 자녀들의 부축을 받아 경복궁이나 창덕궁의 돌담길을 거닐며, 일제강점기와 전쟁을 겪어낸 자신의 지난 세월을 조용히 되짚어봅니다.","방정자 씨는 주 5일 가까이 외식을 즐기며 나물 비빔밥 같은 깔끔한 한식을 찾지만, 가끔 손주들이 데려가는 식당에서 쌀국수의 뜨끈한 국물과 월남쌈의 아삭함을 즐기는 반전 매력이 있습니다.","방정자 씨는 사별 후 홀로 아파트에 거주하며 고독을 견디면서도, 자녀들에게 짐이 되지 않겠다는 단호한 의지로 자신만의 생활 리듬을 고집스럽게 유지합니다.","방정자 씨는 격동의 한국 현대사를 온몸으로 버텨낸 강인함과 송파구 도시인의 세련됨을 동시에 지닌, 독립심 강한 90대 어르신입니다.","일제강점기와 한국전쟁을 모두 겪으며 생존을 위한 강인함을 체득했고, 교육 기회가 적었던 시대적 한계 속에서도 자신만의 삶의 기준을 세워 온 세대입니다. 현재는 송파구의 현대적인 아파트에 거주하며 과거의 전통적 가치관과 도시의 편리함을 동시에 누리고 있습니다.","수십 년간 가족의 식탁을 책임지며 쌓아온 손맛이 뛰어나며, 특히 재료의 상태만 보고도 간을 맞추는 직관적인 요리 감각을 가지고 있습니다. 동네 사람들의 복잡한 관계망 속에서 갈등을 조용히 중재하는 노련한 처세술에 능합니다.","['깊은 맛을 내는 전통 된장찌개 끓이기', '제철 식재료를 고르는 안목', '가족 행사 음식 대량 조리 및 배분', '동네 이웃 간의 갈등 중재 및 상담']","석촌호수 산책길을 천천히 걸으며 계절의 변화를 살피고, 유튜브로 임영웅의 노래 영상이나 건강 정보를 찾아봅니다. 가끔 자녀들의 도움을 받아 베트남 쌀국수나 월남쌈 같은 이국적인 음식을 맛보며 소소한 변화를 즐깁니다.","['유튜브로 트로트 공연 영상 시청하기', '서울 근교의 왕릉과 역사 유적지 답사', '복지관 친구들과 나누는 오후의 차담', '베트남 쌀국수 등 새로운 외국 요리 시식']",자녀나 손주들에게 짐이 되지 않고 스스로 일상을 꾸려나가는 독립적인 노년을 유지하고자 합니다. 기력이 허락하는 한 경복궁이나 창덕궁 같은 고궁을 천천히 거닐며 옛 기억을 되짚어보는 시간을 갖는 것이 소박한 목표입니다.,여자,92,사별,비현역,혼자 거주,아파트,초등학교,해당없음,무직,서울-송파구,서울,대한민국,90대,지하철
